Kreis	Abkuerzung	Name
Ahs	Ab	Asbeck
Ahs	Ae	Ahle (Heek)
Ahs	Ah	Ahaus
Ahs	Al	Alstätte
Ahs	Am	Ammeln
Ahs	Ao	Ammeloe
Ahs	As	Almsick
Ahs	Dö	Dömern
Ahs	Eg	Eggerode
Ahs	Ep	Epe
Ahs	Es	Estern (Estern-Büren)
Ahs	Ge	Gemen (Schöppingen)
Ahs	Gm	Große Mast (Ammeloe)
Ahs	Gr	Gronau
Ahs	Gs	Graes (Wessum)
Ahs	Gx	Gescher
Ahs	He	Heek
Ahs	Hg	Hengeler (Hengeler-Wendfeld)
Ahs	Ho	Haulingort (Legden)
Ahs	Hw	Hundewick
Ahs	Km	Kleine Mast (Ammeloe)
Ahs	Kw	Köckelwick (Ammeloe)
Ahs	Le	Legden
Ahs	Lü	Lünten (Ammeloe)
Ahs	Nb	Nienborg
Ahs	Öd	Oeding
Ahs	Ot	Ottenstein
Ahs	Qu	Quantwick (Wüllen)
Ahs	Rb	Ramsberg (Schöppingen)
Ahs	Sc	Schöppingen
Ahs	Sl	Südlohn
Ahs	St	Stadtlohn
Ahs	Vr	Vreden
Ahs	Wd	Wessendorf
Ahs	We	Wessum
Ahs	Wf	Wendfeld (Hengeler-Wendfeld)
Ahs	Wg	Wenningfeld (Wessendorf)
Ahs	Wr	Wehr (Legden)
Ahs	Wü	Wüllen
Ahs	Ww	Wennewick
Ahs	Zw	Zwillbrock (Ammeloe)
Alt	Ah	Ahelle
Alt	Al	Altena
Alt	Am	Almecke (Plettenberg)
Alt	An	Anschlag (Halver)
Alt	Au	Augustenthal (Lüdenscheid)
Alt	Bä	Werdohl-Bärenstein
Alt	Bb	Borbecke (Werdohl-Bärenstein)
Alt	Bf	Bergfeld
Alt	Bg	Brenge (Werdohl)
Alt	Bh	Brüninghausen (Lüdenscheid)
Alt	Bl	Bierbaum-Loh (Lüdenscheid)
Alt	Br	Brügge (Lüdenscheid)
Alt	Bw	Bollwerk (Kierspe)
Alt	Da	Dahle
Alt	Db	Dahlerbrück
Alt	Eb	Ebbefeld (Herscheid)
Alt	Eg	Eggenscheid
Alt	Ei	Eiringhausen (Plettenberg)
Alt	Es	Einsal (Nachrodt)
Alt	Ev	Werdohl-Eveking
Alt	Fr	Frehlinghausen
Alt	Gl	Glörfeld
Alt	Gr	Grünenbaum
Alt	Ha	Halver
Alt	Hb	Hülsberg (Lüdenscheid)
Alt	Hc	Hülscheid
Alt	Hd	Heesfeld (Halver)
Alt	He	Heed (Meinerzhagen)
Alt	Hf	Heedfeld (Hülscheid)
Alt	Hh	Höferhof (Kierspe)
Alt	Hi	Plettenberg-Himmelmert
Alt	Hl	Hilfringhausen (Ohle)
Alt	Hr	Rönsahler-Haarhausen
Alt	Hs	Herscheid
Alt	Hü	Hüinghausen (Plettenberg)
Alt	Hw	Hunswinkel (Valbert)
Alt	Hx	Hellersen
Alt	Im	Immecke (Plettenberg)
Alt	In	Ihne (Valbert)
Alt	Ki	Kierspe
Alt	Kl	Werdohl-Kleinhammer
Alt	Le	Lettmecke
Alt	Ll	Lengelscheid
Alt	Lö	Lösenbach
Alt	Ls	Gegend Lüdenscheid
Alt	Lü	Lüdenscheid
Alt	Me	Mesekendahl (Hülscheid)
Alt	Mh	Meinerzhagen
Alt	Mr	Mühlenrahmede (Lüdenscheid)
Alt	Ms	Mühlenschmidthausen (Kierspe)
Alt	Na	Nachrodt
Alt	Ne	Nette (Altena)
Alt	Nh	Neuenhof (Lüdenscheid)
Alt	Nm	Neuemühle (Meinerzhagen)
Alt	Nr	Neuenrade
Alt	Ns	Nettenscheid (Altena)
Alt	Ob	Oberbrügge (Halver)
Alt	Oe	Oeckinghausen (Halver)
Alt	Öh	Oedenthaler Heide (Lüdenscheid)
Alt	Ol	Ohle
Alt	Or	Oberrahmede (Lüdenscheid)
Alt	Pb	Plettenberg (Stadt)
Alt	Pl	Plettenberg (Land)
Alt	Rä	Rärin (Herscheid)
Alt	Rm	Rosmart (Lüdenscheid)
Alt	Rö	Rölvede (Hülscheid)
Alt	Rs	Rönsahl
Alt	Rw	Römerweg (Lüdenscheid)
Alt	Sb	Schönebecke (Herscheid)
Alt	Sc	Schafsbrücke (Lüdenscheid)
Alt	Se	Selscheid
Alt	Sm	Schalksmühle
Alt	Sr	Sellenrade
Alt	Su	Sundern (Halver)
Alt	Sw	Schwenke (Halver)
Alt	Va	Valbert
Alt	Ve	Verse (Herscheid)
Alt	Vs	Veserde = Enr Ve
Alt	Wd	Werdohl
Alt	Wi	Willertshagen
Alt	Ww	Wiblingwerde
Arn	Ad	Allendorf
Arn	Af	Affeln
Arn	Ah	Altenhellefeld
Arn	Al	Allagen = Sos Al
Arn	Am	Amecke
Arn	Ar	Arnsberg
Arn	Ba	Balve
Arn	Bb	Breitenbruch
Arn	Be	Belecke
Arn	Bh	Bruchhausen
Arn	Bk	Beckum
Arn	Bl	Blintrop
Arn	Bm	Bachum
Arn	Br	Kloster Brunnen (Endorf)
Arn	Eb	Eisborn
Arn	Ec	Echthausen
Arn	Eh	Enkhausen
Arn	En	Endorf
Arn	Es	Estinghausen
Arn	Fr	Freienohl
Arn	Gb	Gegend von Garbeck
Arn	Gr	Grevenstein
Arn	Ha	Hachen
Arn	Hb	Hirschberg
Arn	He	Herdringen
Arn	Hf	Hellefeld
Arn	Hg	Hagen
Arn	Hö	Hövel
Arn	Hü	Hüsten (Ortsteil von Nn)
Arn	Hz	Holzen
Arn	Kü	Küntrop
Arn	Li	Linnepe
Arn	Ls	Langscheid
Arn	Mb	Meinkenbracht
Arn	Me	Mellen
Arn	Mh	Mülheim
Arn	Mü	Müschede
Arn	Nh	Neheim (Ortsteil von Nn)
Arn	Ni	Niedereimer
Arn	Nn	Neheim-Hüsten
Arn	Ob	Oberbergheim (Allagen)
Arn	Öh	Oelinghauserheide (Holzen)
Arn	Öl	Oelinghausen (Holzen)
Arn	Öv	Oeventrop
Arn	Rb	Rumbeck
Arn	Sf	Seidfeld (Stockum)
Arn	Si	Sichtigvor
Arn	Sm	Stemel
Arn	St	Stockum
Arn	Su	Sundern
Arn	Üt	Uentrop
Arn	Vi	Visbeck
Arn	Vo	Volkringhausen
Arn	Vw	Voßwinkel
Arn	Wa	Warstein
Arn	Wd	Westendorf (Allagen)
Arn	We	Wennigloh
Arn	Wf	Westenfeld
Arn	Wh	Waldhausen
Arn	Ww	Wildewiese
Asd	Ad	Aschendorf
Asd	Al	Ahlen
Asd	Bb	Breddenberg
Asd	Bc	Bockholte
Asd	Be	Brahe (Rhede)
Asd	Bh	Bockhorst
Asd	Bk	Bokel
Asd	Bm	Börgermoor
Asd	Bo	Borsum
Asd	Bö	Börger
Asd	Br	Brual
Asd	Bw	Börgerwald (Surwold-Börgerwald)
Asd	De	Dersum
Asd	Dö	Dörpen
Asd	Dü	Düthe
Asd	Ei	Eisten
Asd	Es	Esterwegen
Asd	Fb	Fresenburg
Asd	Gb	Gehlenberg
Asd	Ha	Harrenstätte
Asd	Hb	Herbrum
Asd	He	Heede
Asd	Hi	Hiller
Asd	Hü	Hüven
Asd	La	Lathen
Asd	Le	Lehe
Asd	Ln	Lahn
Asd	Lo	Lorup
Asd	Me	Melstrup
Asd	Nb	Neubörger
Asd	Nd	Neudersum
Asd	Ne	Nenndorf
Asd	Nh	Neulehe = Le
Asd	Ni	Niederlangen
Asd	Nl	Neulorup
Asd	Nr	Neurhede
Asd	Ns	Neusustrum
Asd	Nv	Neuvrees
Asd	Nw	Neuwahn (Lathen)
Asd	Ol	Oberlangen
Asd	Pb	Papenburg
Asd	Rd	Rastdorf
Asd	Rh	Rhede
Asd	Sö	Sögel
Asd	Sp	Spahn
Asd	St	Steinbild
Asd	Su	Sustrum
Asd	Sw	Surwold
Asd	Td	Tunxdorf
Asd	Vr	Vrees
Asd	Wa	Wahn
Asd	Wc	Walchum
Asd	We	Werlte
Asd	Wi	Wippingen
Asd	Wl	Werpeloh
Asd	Wm	Wehm
Asd	Ws	Wieste
Bbr	Ac	Achmer
Bbr	Ad	Andorf
Bbr	Ah	Ahausen-Sitter
Bbr	Al	Alfhausen
Bbr	An	Ankum
Bbr	As	Astrup
Bbr	Ba	Badbergen
Bbr	Be	Bersenbrück
Bbr	Bg	Berge
Bbr	Bh	Kirchspiel Badbergen
Bbr	Bi	Bippen
Bbr	Bk	Bokel
Bbr	Bo	Borg
Bbr	Br	Bramsche
Bbr	Bs	Besten
Bbr	Da	Dalvers
Bbr	Dh	Druchhorn
Bbr	En	Engelern
Bbr	Ep	Epe
Bbr	Et	Engter
Bbr	Ev	Evinghausen
Bbr	Fa	Fürstenau
Bbr	Fü	Amt Fürstenau
Bbr	Gd	Groß Drehle
Bbr	Ge	Gehrde
Bbr	Gf	Grafeld
Bbr	Gl	Grönloh
Bbr	Gm	Groß Mimmelage
Bbr	Gr	Grothe
Bbr	Ha	Hahlen
Bbr	He	Heeke
Bbr	Hk	Hekese
Bbr	Hl	Hartlage
Bbr	Hm	Hahnenmoor
Bbr	Hö	Höckel
Bbr	Hp	Hesepe
Bbr	Hr	Hertmann-Lohbeck
Bbr	Hs	Hollenstede
Bbr	Hx	Helle
Bbr	Ka	Kalkriese
Bbr	Kb	Klein Bokern
Bbr	Kk	Kettenkamp
Bbr	Km	Klein Mimmelage
Bbr	La	Langen
Bbr	Lb	Lonnerbecke
Bbr	Le	Lechterke
Bbr	Li	Limbergen
Bbr	Lo	Loxten
Bbr	Lt	Lechtrup
Bbr	Me	Menslage
Bbr	Mz	Merzen (Lechtrup-Merzen)
Bbr	Nk	Neuenkirchen
Bbr	No	Nortrup
Bbr	Om	Ohrtermersch
Bbr	Or	Osteroden
Bbr	Pl	Plaggenschale
Bbr	Pr	Priggenhagen
Bbr	Qu	Quakenbrück
Bbr	Re	Restrup (Bippen)
Bbr	Rf	Rüsfort
Bbr	Rh	Rothertshausen
Bbr	Ri	Rieste
Bbr	Rl	Renslage
Bbr	Rü	Rüssel
Bbr	Se	Settrup
Bbr	Sl	Schleptrup
Bbr	Sm	Südmerzen
Bbr	Sö	Sögeln
Bbr	Su	Suttrup
Bbr	Sw	Schwagstorf
Bbr	Ta	Talge
Bbr	Üf	Ueffeln
Bbr	Vc	Vechtel
Bbr	Ve	Vehs
Bbr	Vi	Vinte
Bbr	Vo	Voltlage
Bbr	Vö	Vörden
Bbr	Wb	Wehbergen
Bbr	We	Wehdel
Bbr	Wh	Westerholte
Bbr	Ws	Weese
Bbr	Wu	Wulften
Bbr	Ww	Woltrup-Wehbergen
Bch	Ab	Bochum-Altenbochum
Bch	Bo	Bochum
Bch	Bö	Börnig = Dor Bö
Bch	Br	Brockhausen (Bochum-Stiepel)
Bch	Ge	Bochum-Gerthe
Bch	Ha	Bochum-Hamme
Bch	He	Herne
Bch	Hi	Bochum-Hiltrop
Bch	Ho	Bochum-Hordel
Bch	Hp	Bochum-Harpen
Bch	Ld	Bochum-Langendreer
Bch	Ld1	Linden-Dahlhausen = Enr Ld
Bch	Li	Linden = Enr Li
Bch	Lr	Bochum-Laer
Bch	Lt	Wattenscheid-Leithe = Gel Lt
Bch	Se	Sevinghausen (Wattenscheid)
Bch	So	Herne-Sodingen = Dor So1
Bch	Sp	Stiepel
Bch	St	Stockum → Wit St
Bch	St1	Stalleicken = Gel St
Bch	Wa	Wattenscheid
Bch	We	Bochum-Werne
Bch	Wt	Bochum-Weitmar
Bek	Aa	Altahlen
Bek	Ac	Ackfeld (Wadersloh)
Bek	Al	Ahlen
Bek	Bb	Borbein (Altahlen)
Bek	Be	Benteler
Bek	Bf	Bornefeld (Wadersloh)
Bek	Bk	Beckum
Bek	Db	Dolberg
Bek	Di	Diestedde
Bek	Ek	Elker (Beckum)
Bek	El	Ennigerloh
Bek	En	Enniger
Bek	Gö	Göttingen (Liesborn)
Bek	He	Heessen
Bek	Hf	Herzfeld
Bek	Hi	Hinteler (Beckum)
Bek	Ho	Holter (Beckum)
Bek	Ke	Keitlinghausen (Oelde)
Bek	Lb	Liesborn
Bek	Li	Lippborg
Bek	Nb	Neubeckum
Bek	Öl	Oelde
Bek	Ös	Oestrich (Altahlen)
Bek	Sh	Sendenhorst
Bek	St	Stromberg
Bek	Sü	Sünninghausen
Bek	Ve	Vellern
Bek	Vh	Vorhelm
Bek	Wl	Wadersloh
Ben	Ad	Adorf
Ben	Al	Alexisdorf (Großringe)
Ben	Ap	Alte Piccardie
Ben	Aw	Achterberg u. Westenberg
Ben	Ba	Bardel
Ben	Bg	Berge
Ben	Bh	Bentheim
Ben	Bi	Bimolten
Ben	Bm	Balderhaarmoor (Itterbeck)
Ben	Bn	Bauerhausen
Ben	Br	Brandlecht
Ben	Dr	Drievorden
Ben	Ec	Echteler
Ben	Eg	Egge (Itterbeck)
Ben	Eh	Echteler u. Heesterkante
Ben	Em	Emlichheim
Ben	En	Engden
Ben	Es	Esche
Ben	Ew	Eschebrügge-Weusten
Ben	Fh	Nordhorn-Frensdorferhaar
Ben	Gd	Georgsdorf
Ben	Ge	Getelo
Ben	Gh	Gildehaus
Ben	Gk	Gölenkamp
Ben	Gm	Getelomoor (Getelo)
Ben	Gr	Grasdorf
Ben	Gs	Großringe
Ben	Ha	Hardingen
Ben	He	Hesepe
Ben	Hf	Haftenkamp
Ben	Hh	Holt und Haar
Ben	Hi	Hilten
Ben	Hk	Hohenkörben
Ben	Hl	Halle
Ben	Ho	Hoogstede
Ben	Hö	Höcklenkamp
Ben	Hp	Hestrup
Ben	It	Itterbeck
Ben	Ka	Kalle
Ben	La	Lage
Ben	Lr	Laar
Ben	Ng	Niedergrafschaft Bentheim
Ben	Nh	Neuenhaus
Ben	Nl	Neerlage
Ben	No	Nordhorn
Ben	Nr	Neuringe
Ben	Og	Obergrafschaft Bentheim
Ben	On	Ohne
Ben	Ow	Osterwald
Ben	Qd	Quendorf
Ben	Ra	Ratzel (Itterbeck)
Ben	Sa	Samern
Ben	Sc	Schüttorf
Ben	Sh	Scheerhorn
Ben	Si	Sieringhoek
Ben	Su	Suddendorf
Ben	Th	Tinholt
Ben	Ül	Uelsen
Ben	Vh	Veldhausen
Ben	Vw	Vorwald
Ben	Wa	Waldseite
Ben	Wi	Wielen
Ben	Wm	Wilsum
Ben	Ws	Wengsel
Ben	Wt	Wietmarschen
Bie	Ah	Altenhagen
Bie	Ba	Babenhausen
Bie	Be	Bethel (Bielefeld)
Bie	Bf	Bielefeld
Bie	Bh	Brönninghausen
Bie	Br	Brake
Bie	Bw	Brackwede
Bie	Db	Dornberg
Bie	Dd	Deppendorf
Bie	Eb	Ebbesloh
Bie	Gb	Gadderbaum
Bie	Gh	Gellershagen
Bie	Gr	Großdornberg
Bie	Hb	Hoberge (Hoberge-Uerentrup)
Bie	He	Heepen
Bie	Hi	Hillegossen
Bie	Hk	Holtkamp
Bie	Ho	Hollen
Bie	Jö	Jöllenbeck
Bie	Is	Isselhorst
Bie	Kd	Kirchdornberg
Bie	Lh	Lämershagen
Bie	Mi	Milse
Bie	Nd	Niederdornberg-Deppendorf
Bie	Nh	Niehorst
Bie	Ni	Niederdornberg
Bie	Nj	Nieder Jöllenbeck
Bie	Oj	Ober Jöllenbeck
Bie	Ot	Oldentrup
Bie	Qu	Quelle
Bie	Sc	Schildesche
Bie	Se	Senne I
Bie	Si	Sieker
Bie	St	Stieghorst
Bie	Sz	Senne II
Bie	Th	Theesen
Bie	Ud	Ubbedissen
Bie	Ut	Uerentrup (Hoberge-Uerentrup)
Bie	Vd	Vilsendorf
Bie	Vs	Vilsendorf u. Schildesche
Bor	An	Anholt
Bor	Ba	Barlo
Bor	Be	Berg (Dingden)
Bor	Bh	Bocholt
Bor	Bi	Biemenhorst
Bor	Bo	Borken
Bor	Bü	Büngern
Bor	Bw	Borkenwirthe
Bor	Di	Dingden
Bor	Ge	Gemen
Bor	Gl	Grütlohn
Bor	Gr	Groß Reken
Bor	Gw	Gemenwirthe (Gemen)
Bor	Hd	Heiden
Bor	He	Hemden
Bor	Hf	Hoxfeld
Bor	Hl	Leblich-Ost (Heiden)
Bor	Ho	Homer
Bor	Hü	Hülsten
Bor	Hw	Holtwick
Bor	Kg	Krechting
Bor	Kl	Klein Reken
Bor	Kr	Gemenkrückling (Gemen)
Bor	Kt	Krommert
Bor	Li	Liedern
Bor	Lo	Lowick
Bor	Mb	Marbeck
Bor	Mu	Mussum
Bor	Mv	Maria-Veen
Bor	Nb	Nordbrock (Dingden)
Bor	Nd	Nordick (Heiden)
Bor	Nv	Nordvelen
Bor	Ph	Preinhok (Groß Reken)
Bor	Rb	Rhedebrügge
Bor	Rd	Ramsdorf
Bor	Rf	Raesfeld
Bor	Rh	Rhede
Bor	Rk	Reken
Bor	Sp	Spork (Bocholt)
Bor	Ss	Schüttenstein (Isselburg, Kr. Rees)
Bor	Su	Suderwick
Bor	Ve	Velen
Bor	Vh	Vardingholt
Bor	We	Werth
Bor	Ws	Weseke
Brg	He	Herweg
Brg	Hw	Hückeswagen
Brg	Lf	Wuppertal-Langerfeld
Brg	Nb	Wuppertal-Nächstebreck
Brg	Rw	Radevormwald
Brg	Ws	Wernscheid (Marienheide)
Bri	Aa	Altastenberg
Bri	Ab	Altenbüren
Bri	Af	Antfeld
Bri	Ah	Assinghausen
Bri	Al	Alme
Bri	Be	Beringhausen
Bri	Bh	Bruchhausen
Bri	Bi	Bigge
Bri	Bk	Brunskappel
Bri	Bo	Bontkirchen
Bri	Br	Brilon
Bri	Df	Deifeld
Bri	Dr	Dreislar
Bri	Dü	Düdinghausen
Bri	Eh	Elleringhausen
Bri	El	Elkeringhausen
Bri	Ep	Elpe
Bri	Er	Erlinghausen
Bri	Es	Eßhoff
Bri	Gb	Grönebach
Bri	Gh	Giershagen
Bri	Ha	Hallenberg
Bri	He	Hesborn
Bri	Hf	Hildfeld
Bri	Hh	Heddinghausen
Bri	Hl	Helmeringhausen
Bri	Ho	Hoppecke
Bri	Ka	Gegend Canstein
Bri	Kb	Küstelberg
Bri	Ks	Canstein
Bri	Li	Liesen
Bri	Lm	Leitmar
Bri	Ma	Marsberg
Bri	Mb	Medebach
Bri	Mf	Madfeld
Bri	Mh	Messinghausen
Bri	Ml	Medelon
Bri	Na	Niederalme (Alme)
Bri	Ne	Nehden
Bri	Nf	Niedersfeld
Bri	Nm	Niedermarsberg
Bri	Ob	Olsberg
Bri	Om	Obermarsberg
Bri	Os	Oberschledorn
Bri	Pa	Padberg = Pb
Bri	Pb	Padberg
Bri	Ra	Radlinghausen
Bri	Rb	Rösenbeck
Bri	Rf	Referinghausen
Bri	Ri	Rixen
Bri	Sb	Scharfenberg
Bri	Sh	Siedlinghausen
Bri	Si	Silbach
Bri	Ti	Titmaringhausen
Bri	Tü	Thülen
Bri	Ud	Udorf
Bri	Wb	Winterberg
Bri	Wh	Wiemeringhausen
Bri	Wu	Wulmeringhausen
Bri	Zü	Züschen
Bük	Ah	Ahnsen
Bük	Bü	Bückeburg
Bük	Ev	Evesen
Bük	Gd	Gelldorf
Bük	He	Hespe
Bük	Kh	Kirchhorsten
Bük	Lu	Luhden
Bük	Me	Meinsen
Bük	Pe	Petzen
Bük	Rö	Röcke (Evesen)
Bük	Ru	Rusbend
Bük	Sb	Seggebruch
Bük	Sc	Scheie
Bük	Sh	Südhorsten
Bük	St	Steinbergen
Bük	Ve	Vehlen
Bük	Wi	Widdensen
Bür	Ad	Ahden
Bür	An	Anreppen
Bür	As	Asseln
Bür	At	Atteln
Bür	Be	Bentfeld
Bür	Bh	Barkhausen
Bür	Bl	Bleiwäsche
Bür	Bn	Brenken
Bür	Bo	Boke
Bür	Br	Blankenrode
Bür	Bü	Büren
Bür	Dh	Dalheim
Bür	Eb	Ebbinghausen
Bür	Ei	Eickhoff
Bür	El	Elisenhof
Bür	Es	Essentho
Bür	Et	Etteln
Bür	Fü	Fürstenberg
Bür	Ga	Garfeln
Bür	Gr	Grundsteinheim
Bür	Ha	Harth
Bür	Hb	Herbram
Bür	Hd	Hegensdorf
Bür	He	Helmern
Bür	Hg	Hakenberg
Bür	Hh	Holtheim
Bür	Hl	Henglarn
Bür	Ho	Holsen (Schwelle)
Bür	Hö	Hörste
Bür	Hr	Haaren
Bür	Ih	Iggenhausen
Bür	Kl	Kleinenberg
Bür	Lb	Leiberg
Bür	Li	Lichtenau
Bür	Ma	Mantinghausen
Bür	Me	Mettinghausen (Rebbeke) = Lst Mh
Bür	Mh	Meerhof
Bür	Nt	Niederntudorf
Bür	Öd	Oesdorf
Bür	Ot	Oberntudorf
Bür	Re	Rebbeke
Bür	Ri	Ringelstein (Harth)
Bür	Sc	Scharmede
Bür	Sh	Steinhausen
Bür	Si	Siddinghausen
Bür	Sk	Salzkotten
Bür	Th	Thüle
Bür	Up	Upsprunge
Bür	Ve	Verlar
Bür	Vn	Verne
Bür	Wb	Weiberg
Bür	We	Weine
Bür	Wh	Westheim
Bür	Wi	Winkhausen (Schwelle)
Bür	Wü	Wünnenberg
Bür	Ww	Wewelsburg
Det	Au	Augustdorf
Det	Bb	Bellenberg
Det	Be	Berlebeck
Det	Bh	Brokhausen
Det	Bi	Billinghausen
Det	Bk	Billerbeck
Det	Bl	Blomberg
Det	Bm	Bremke (Oettern-Bremke)
Det	Br	Brakelsiek (Schieder)
Det	Bs	Biesen (Barkhausen)
Det	By	Belle
Det	Da	Dalborn
Det	Db	Diestelbruch (Leistrup-Meiersfeld)
Det	De	Detmold
Det	Do	Donop
Det	Eb	Eschenbruch
Det	Eh	Spork-Eichholz
Det	El	Elbrinxen
Det	Er	Ehrentrup
Det	Fa	Falkenhagen
Det	Fh	Fromhausen
Det	Gb	Graben
Det	Gr	Grevenhagen
Det	Hb	Oesterholz-Haustenbeck
Det	Hd	Heidenoldendorf
Det	He	Heesten
Det	Hh	Holzhausen-Externsteine
Det	Hi	Hiddesen
Det	Hk	Heiligenkirchen
Det	Hm	Hörstmar
Det	Hn	Heiden
Det	Ho	Horn
Det	Hö	Hörste
Det	Hr	Herrentrup
Det	Hu	Hummersen
Det	Je	Jerxen (Jerxen-Orbke)
Det	Ih	Iggenhausen (Pottenhausen)
Det	Is	Istrup
Det	Ka	Cappel
Det	Kl	Kleinenmarpe
Det	Ko	Kohlstädt
Det	Kt	Klüt (Detmold)
Det	La	Lage
Det	Lo	Lothe
Det	Lt	Leopoldstal
Det	Ma	Maspe
Det	Mb	Bad Meinberg
Det	Mf	Meiersfeld
Det	Mo	Mosebeck
Det	Nh	Nienhagen
Det	Ni	Niese
Det	Ob	Oberschönhagen
Det	Os	Ohrsen
Det	Pi	Pivitsheide
Det	Po	Pottenhausen
Det	Rh	Remmighausen
Det	Ri	Rischenau
Det	Rk	Reelkirchen
Det	Rö	Röhrentrup (Dehlentrup)
Det	Sc	Schieder
Det	Sh	Sabbenhausen
Det	Sl	Schlangen
Det	Sm	Schmedissen
Det	St	Stapelage (Hörste)
Det	Sw	Schwalenberg
Det	Va	Vahlhausen
Det	Vr	Veldrom
Det	Wf	Wörderfeld
Det	Wh	Waddenhausen
Det	Wö	Wöbbel
Die	As	Aschen
Die	Ba	Barenburg
Die	Bb	Bahrenbostel
Die	Bv	Barver
Die	Di	Diepholz
Die	Dö	Dörrieloh
Die	He	Heede
Die	Hf	St. Hülfe
Die	Hh	Holzhausen
Die	Hü	Hüde
Die	Ki	Kirchdorf
Die	Lb	Lembruch
Die	Le	Lemförde
Die	Ma	Marl
Die	St	Stemshorn
Die	Va	Varrel
Die	Wh	Wagenfeld-Haßlingen
Die	Wf	Wagenfeld-Förlingen
Dor	Ap	Dortmund-Aplerbeck
Dor	As	Asseln
Dor	Ba	Barop
Dor	Bb	Brambauer
Dor	Bh	Berghofen
Dor	Bk	Dortmund-Brackel
Dor	Bo	Bodelschwingh
Dor	Bö	Börnig → Bch Bö
Dor	Br	Dortmund-Brechten
Dor	Dd	Dortmund-Dorstfeld
Dor	De	Dortmund-Derne
Dor	Do	Dortmund
Dor	Ei	Eichlinghofen
Dor	Ev	Dortmund-Eving
Dor	Gb	Groppenbruch
Dor	Gv	Grevel
Dor	Ha	Habinghorst
Dor	Hh	Holthausen
Dor	Hn	Dortmund-Husen
Dor	Hö	Dortmund-Hörde
Dor	Hs	Dortmund-Höchsten
Dor	Hu	Huckarde
Dor	Ka	Castrop
Dor	Ki	Kirchhörde
Dor	Kl	Kley
Dor	Kn	Dortmund-Körne
Dor	Kr	Castrop-Rauxel
Dor	Ku	Dortmund-Kurl
Dor	Lö	Dortmund-Löttringhausen
Dor	Lü	Lünen
Dor	Ma	Marten
Dor	Me	Mengede
Dor	Ös	Oespel
Dor	Pö	Pöppinghausen (Bladenhorst)
Dor	Ra	Dortmund-Rahm
Dor	Sb	Syburg
Dor	Sc	Dortmund-Schnee
Dor	So	Dortmund-Somborn
Dor	So1	Sodingen → Bch So
Dor	Sö	Dortmund-Sölde
Dor	Sü	Schüren
Dor	Wh	Dortmund-Wichlinghofen
Dor	Wi	Wickede
Dor	Wl	Dortmund-Wellinghofen
Enr	Ad	Altendorf
Enr	Ah	Albringhausen (Esborn)
Enr	Ba	Baak (Winz)
Enr	Be	Berge (Gevelsberg)
Enr	Bf	Breckerfeld
Enr	Bh	Bommerholz (Herbede)
Enr	Bl	Blankenstein
Enr	Bo	Bossel (Breckerfeld)
Enr	Bö	Bölling (Dahl)
Enr	Br	Bredenscheid
Enr	Bw	Bollwerk (Dahl)
Enr	Da	Dahl
Enr	Dh	Durchholz (Herbede)
Enr	Du	Dumberg
Enr	Eb	Esborn
Enr	Eh	Nieder- u. Oberelfringhausen
Enr	En	Ende (Herdecke)
Enr	Es	Amt Enneper Straße
Enr	Et	Ennepetal
Enr	Gb	Gevelsberg
Enr	Gr	Grundschöttel
Enr	Ha	Haßlinghausen
Enr	Hb	Hasperbach
Enr	Hd	Herdecke
Enr	He	Herbede
Enr	Hh	Hiddinghausen
Enr	Hk	Herzkamp (Gennebreck)
Enr	Ho	Holthausen
Enr	Hr	Horath (Gennebreck)
Enr	Ht	Hattingen
Enr	Hu	Hundsdiek (Dahl)
Enr	Kh	Kalthausen (Dahl)
Enr	Ld	Linden u. Dahlhausen → Bch Ld1
Enr	Li	Linden → Bch Li
Enr	Mi	Ennepetal-Milspe
Enr	Mk	Schwelm-Möllenkotten
Enr	Nb	Niederbonsfeld
Enr	Nh	Nierenhof
Enr	Ns	Niederstüter (Bredenscheid)
Enr	Nw	Niederwenigern
Enr	Ob	Oberbauer
Enr	Oe	Oberelfringhausen
Enr	Os	Obersprockhövel (Sprockhövel)
Enr	Pr	Priorei
Enr	Rb	Ennepetal-Rüggeberg
Enr	Ru	Rummenohl
Enr	Sc	Schee
Enr	Si	Silschede
Enr	Sp	Sprockhövel
Enr	St	Oberstüter
Enr	Sw	Schwelm
Enr	Ve	Veserde → Alt Vs
Enr	Vh	Vormholz (Herbede)
Enr	Vo	Voßhöven (Esborn)
Enr	Vö	Ennepetal-Voerde
Enr	Vs	Volmarstein
Enr	Wa	Waldbauer
Enr	We	Wengern
Enr	Wp	Welper
Enr	Wt	Wetter
Enr	Zs	Zurstraße (Waldbauer)
Ess	Ae	Essen-Altenessen
Ess	Bb	Essen-Borbeck
Ess	Be	Bergerhausen (Essen-Rellinghausen)
Ess	Bf	Essen-Byfang
Ess	Bh	Barkhofer Heide (Essen)
Ess	Es	Essen
Ess	Fb	Freisenbruch (Essen-Steele)
Ess	Fr	Frintrop (Essen-Borbeck)
Ess	He	Heisingen
Ess	Hh	Holsterhausen (Essen-Heidhausen)
Ess	Ks	Königssteele (Essen-Steele)
Ess	Kp	Essen-Karnap
Ess	Of	Osterfeld = Rek Of
Ess	Oh	Oberhausen
Ess	Re	Essen-Rellinghausen
Ess	Sb	Schönebeck
Ess	Sr	Oberhausen-Sterkrade
Ess	St	Essen-Steele
Ess	Ür	Essen-Überruhr
Gel	Bk	Bulmke (Gelsenkirchen)
Gel	Bs	Buer-Scholven = Rek Bs
Gel	Bu	Buer-Resse = Rek Bu
Gel	Bx	Buer = Rek Bx
Gel	Gk	Gelsenkirchen
Gel	Ha	Gelsenkirchen-Hassel
Gel	He	Gelsenkirchen-Heßler
Gel	Hh	Holsterhausen (Wanne-Eickel)
Gel	Hm	Horster Mark = Rek Hm
Gel	Lt	Wattenscheid-Leithe → Bch Lt
Gel	Rh	Gelsenkirchen-Rotthausen
Gel	St	Stalleicken (Wattenscheid) → Bch St
Gel	Üd	Ückendorf (Gelsenkirchen)
Gel	Wa	Wanne (Gelsenkirchen)
Gel	We	Wanne-Eickel
Hag	Bo	Hagen-Boele
Hag	Ei	Eilpe (Hagen)
Hag	Ep	Eppenhausen
Hag	Ha	Hagen-Halden
Hag	Hg	Hagen
Hag	Hs	Hagen-Haspe
Hag	Vh	Hagen-Vorhalle
Hal	Ah	Amshausen
Hal	Bc	Bockel
Hal	Bh	Brockhagen
Hal	Bk	Bockhorst
Hal	Bo	Borgholzhausen
Hal	Bv	Vennort (Brockhagen)
Hal	Eb	Eggeberg
Hal	Ga	Gartnisch
Hal	Ha	Halle
Hal	He	Hesseln
Hal	Hg	Häger
Hal	Hö	Hörste
Hal	Ht	Hesselteich
Hal	Is	Isingdorf
Hal	Ka	Casum
Hal	Kk	Kleekamp = Osn Kk
Hal	Kl	Cleve
Hal	Ko	Kölkebeck
Hal	Kü	Künsebeck
Hal	Lh	Langenheide (Werther)
Hal	Lo	Loxten
Hal	Od	Oldendorf
Hal	Öw	Oesterweg
Hal	Ph	Patthorst
Hal	Pl	Peckeloh
Hal	Ra	Ravensberg (Cleve)
Hal	Sf	Sandforth (Brockhagen)
Hal	Sh	Schröttinghausen
Hal	Si	Siedinghausen (Bockhorst)
Hal	Sr	Ströhen (Steinhagen)
Hal	St	Steinhagen
Hal	Th	Theenhausen
Hal	Vm	Versmold
Hal	We	Werther
Hfd	Al	Ahle
Hfd	Bb	Bermbeck
Hfd	Bi	Bischofshagen (Gohfeld)
Hfd	Bk	Besenkamp
Hfd	Bo	Bonneberg (Valdorf)
Hfd	Br	Bieren
Hfd	Bu	Bustedt
Hfd	Bü	Bünde
Hfd	Db	Diebrock
Hfd	Dd	Düttingdorf
Hfd	Dh	Dünnerholz (Dünne)
Hfd	Do	Dono (Bieren)
Hfd	Dr	Dreyen
Hfd	Dü	Dünne
Hfd	Eb	Ellerbusch (Obernbeck)
Hfd	Ed	Elverdissen
Hfd	Eh	Eilshausen
Hfd	Ei	Eickum
Hfd	El	Ennigloh
Hfd	En	Enger
Hfd	Ex	Exter
Hfd	Fa	Falscheide (Löhne)
Hfd	Fd	Falkendiek
Hfd	Go	Gohfeld
Hfd	Ha	Habighorst (Muckum)
Hfd	Hä	Häver
Hfd	Hb	Bauerschaften b. Herford
Hfd	Hf	Herford
Hfd	Hh	Herringhausen
Hfd	Hi	Hiddenhausen
Hfd	Ho	Hollinde (Diebrock)
Hfd	Hs	Holsen
Hfd	Hu	Hunnebrock
Hfd	Hü	Hüffen
Hfd	Hw	Holwiesen (Valdorf)
Hfd	Kl	Klosterbauerschaft
Hfd	La	Laar
Hfd	Lh	Löhnerheide (Löhne)
Hfd	Lö	Löhne
Hfd	Lz	Lenzinghausen
Hfd	Ma	Mahnen (Löhne)
Hfd	Mb	Melbergen (Gohfeld)
Hfd	Mc	Muckum
Hfd	Mh	Mennighüffen
Hfd	Mt	Mantershagen
Hfd	Ns	Nordspenge (Spenge)
Hfd	Ob	Obernbeck
Hfd	Oh	Oldinghausen
Hfd	Öh	Oetinghausen
Hfd	Ok	Ostkilver
Hfd	Os	Ostscheid (Mennighüffen)
Hfd	Ph	Pödinghausen
Hfd	Qh	Quernheim
Hfd	Rh	Rödinghausen
Hfd	Rl	Rehmerloh
Hfd	Sb	Steinbründorf (Valdorf)
Hfd	Sc	Schweicheln
Hfd	Sd	Schwenningdorf
Hfd	Sg	Spenge
Hfd	Si	Siele
Hfd	Sl	Südlengern
Hfd	Sp	Spradow
Hfd	St	Stedefreund
Hfd	Su	Sundern
Hfd	Sw	Schwarzenmoor
Hfd	Vd	Valdorf
Hfd	Vl	Vlotho
Hfd	Wa	Wallenbrück
Hfd	Wd	Wehrendorf (Valdorf)
Hfd	We	Westerenger
Hfd	Wf	Werfen
Hfd	Wk	Westkilver
Höx	Ab	Altenbergen
Höx	Ah	Alhausen
Höx	Al	Albaxen
Höx	Am	Amelunxen
Höx	Bb	Bremerberg
Höx	Be	Bellersen
Höx	Bg	Bergheim
Höx	Bh	Bruchhausen
Höx	Bl	Beller
Höx	Bo	Born
Höx	Bö	Bödexen
Höx	Br	Brakel
Höx	Bs	Bosseborn
Höx	Bv	Beverungen
Höx	Bx	Bredenborn
Höx	Db	Driburg
Höx	Dh	Dalhausen
Höx	Dr	Drenke
Höx	En	Entrup
Höx	Er	Erkeln
Höx	Fr	Feldrom (Kempenfeldrom)
Höx	Fü	Fürstenau
Höx	Gh	Godelheim
Höx	Ha	Harzberg
Höx	Hb	Bad Hermannsborn
Höx	Hd	Hagedorn
Höx	He	Herstelle
Höx	Hh	Holzhausen
Höx	Hi	Himmighausen
Höx	Hm	Hembsen
Höx	Ho	Hohehaus
Höx	Hr	Haarbrück
Höx	Hs	Herste
Höx	Hx	Höxter
Höx	Is	Istrup
Höx	Kb	Kollerbeck
Höx	Ko	Corvey
Höx	Ld	Lügde
Höx	Lm	Lütmarsen
Höx	Lö	Löwendorf
Höx	Lü	Lüchtringen
Höx	Mb	Münsterbrock
Höx	Mh	Merlsheim
Höx	Ob	Ottbergen
Höx	Oe	Oeynhausen
Höx	Oh	Ovenhausen
Höx	Ot	Ottenhausen
Höx	Pö	Pömbsen
Höx	Re	Reelsen
Höx	Rh	Rheder
Höx	Ri	Riesel
Höx	Ro	Rothe
Höx	Sb	Sandebeck
Höx	Sh	Steinheim
Höx	Sm	Schmechten
Höx	Ss	Sommersell
Höx	Ti	Tietelsen u. Rothe
Höx	Vb	Vinsebeck
Höx	Vö	Vörden
Höx	We	Wehrden
Höx	Wü	Würgassen
Isl	Ap	Apricke (Deilinghofen)
Isl	Bb	Bredenbruch (Ihmert)
Isl	Bc	Berchum
Isl	Bd	Barendorf (Oestrich)
Isl	Be	Bertingloh (Halingen)
Isl	Bg	Barge (Oesbern)
Isl	Bh	Brockhausen
Isl	Bk	Braken (Oestrich)
Isl	Bö	Böingsen
Isl	Bp	Bösperde
Isl	Br	Bremke (Lendringsen)
Isl	Bü	Bürenbruch (Ergste)
Isl	Bx	Bixterhausen (Sümmern)
Isl	Da	Dahlhausen (Halingen)
Isl	Dg	Diekgraben (Ihmert)
Isl	Dh	Deilinghofen
Isl	Dö	Dröschede (Oestrich)
Isl	Dp	Drüpplingsen (Hennen)
Isl	Ds	Dahlsen (Kesbern)
Isl	Dü	Düingsen (Iserlohnerheide)
Isl	Ef	Elfenfohren (Ihmert)
Isl	El	Elsey
Isl	Er	Ergste
Isl	Ev	Evingsen
Isl	Fb	Frönsberg
Isl	Gb	Griesenbrauck
Isl	Ge	Gerlingsen (Iserlohnerheide)
Isl	Gf	früher Grafschaft Limburg
Isl	Gh	Grürmannsheide (Oestrich)
Isl	Gl	Alt-Gruland (Hennen)
Isl	Gm	Grürmann (Oestrich)
Isl	Gr	Grüne (Letmathe)
Isl	Gs	Geisecke
Isl	Gx	Gaxberg (Sümmern)
Isl	Ha	Halingen
Isl	Hd	Iserlohnerheide (Iserlohn)
Isl	He	Hemer
Isl	Hg	Hegenscheid (Kesbern)
Isl	Hn	Hennen
Isl	Ho	Holzen
Isl	Hp	Heppingsen (Frönsberg)
Isl	Hü	Hüingsen (Menden)
Isl	Hv	Hüingsen (Evingsen)
Isl	Im	Ihmert
Isl	Is	Iserlohn
Isl	Ka	Calle (nördl. Iserlohn)
Isl	Kb	Kesbern
Isl	Kg	Am Kronenberge (Oestrich)
Isl	Kh	Kalthof (Hennen)
Isl	Ko	Korbeslühr (Oestrich)
Isl	Kr	Krebsbach (Landhausen)
Isl	Lä	Läger (Iserlohn)
Isl	Lb	Limburg (Hohenlimburg)
Isl	Ld	Lendringsen
Isl	Le	Letmathe
Isl	Lh	Landhausen
Isl	Lk	Leckingsen (Hennen)
Isl	Lö	Lössel
Isl	Lu	Lehmufer (Hennen)
Isl	Lü	Lürbke
Isl	Me	Menden
Isl	Ni	Nieringsen (Deilinghofen)
Isl	Og	Obergrüne (Iserlohn)
Isl	Oö	Oberoesbern (Oesbern)
Isl	Ös	Oestrich
Isl	Öz	Oese (Becke)
Isl	Pi	Pillingsen (Letmathe)
Isl	Re	Reh (Letmathe)
Isl	Rg	Reingsen
Isl	Rh	Rheinen (Hennen)
Isl	Ro	Rottmecke (Ihmert)
Isl	Rs	Am Rothenhaus (Hennen)
Isl	Rü	Rüssenberg (Evingsen)
Isl	Sa	Saat (Lössel)
Isl	Sb	Stübecken (Hemer)
Isl	Sc	Schwitten
Isl	Si	Siepen (Evingsen)
Isl	Sk	Schälk (Letmathe)
Isl	Su	Hemer-Sundwig
Isl	Sü	Sümmern
Isl	Sw	Schwerte
Isl	Ug	Untergrüne (Letmathe)
Isl	Vh	Vorm Heu (Kesbern)
Isl	Vi	Villigst
Isl	Wd	Westendorf (Ihmert)
Isl	We	Westig
Isl	Wh	Westhofen
Isl	Wi	Wimbern
Isl	Wr	Werringsen (Oesbern)
Isl	Wu	Wulfringsen (Sümmern)
Isl	Wx	Wixberg (Kesbern)
Klo	Ab	Angelbek (Löningen)
Klo	Ad	Ahrensdorf (Altenoythe)
Klo	Ag	Augustendorf (Markhausen)
Klo	Al	Altenoythe
Klo	Am	Ambühren (Cloppenburg)
Klo	Ap	Addrup (Essen)
Klo	Au	Auen
Klo	Bb	Beverbruch (Garrel)
Klo	Be	Bethen (Krapendorf)
Klo	Bh	Bartmannsholte (Essen)
Klo	Bl	Bösel
Klo	Bo	Bollingen (Strücklingen)
Klo	Bs	Brokstreek (Essen)
Klo	Bu	Bunnen (Löningen)
Klo	Bü	Bühren (Emstek)
Klo	Bv	Bevern
Klo	Dw	Dwergte
Klo	Eb	Elbergen (Löningen)
Klo	Ef	Elisabethfehn-Ost (Barßel)
Klo	Eh	Ehren (Löningen)
Klo	El	Elsten
Klo	Em	Emstek
Klo	Er	Ermke (Molbergen)
Klo	Es	Essen
Klo	Ev	Evenkamp
Klo	Fb	Falkenberg (Garrel)
Klo	Fr	Friesoythe
Klo	Ga	Garrel
Klo	Gg	Großenging (Lindern)
Klo	Gl	Glaßdorf (Bösel)
Klo	Gt	Garthe
Klo	Ha	Hamstrup (Lastrup)
Klo	Hb	Herbergen (Essen)
Klo	He	Hemmelte (Lastrup)
Klo	Hg	Hengelage
Klo	Hh	Höltinghausen (Emstek)
Klo	Hl	Halen (Emstek)
Klo	Hm	Hemmelsbühren
Klo	Ho	Hollen (Ramsloh)
Klo	Hr	Huckelrieden
Klo	Ka	Cappeln
Klo	Kf	Kamperfehn
Klo	Kh	Calhorn (Essen)
Klo	Kl	Cloppenburg
Klo	La	Lastrup
Klo	Li	Lindern
Klo	Lo	Lohe
Klo	Lö	Löningen
Klo	Ma	Markhausen
Klo	Mo	Molbergen
Klo	Nd	Nikolausdorf (Garrel)
Klo	Nm	Neumarkhausen
Klo	Nt	Nutteln u. Tegelrieden (Cloppenburg)
Klo	Nu	Nutteln (Cloppenburg)
Klo	Pd	Petersdorf (Bösel)
Klo	Ph	Peheim
Klo	Rh	Resthausen
Klo	Se	Sevelten (Cappeln)
Klo	Sh	Schnelten (Lastrup)
Klo	St	Strücklingen
Klo	Sw	Schwichteler
Klo	Te	Tenstedt (Cappeln)
Klo	Tü	Thüle (Friesoythe)
Klo	Tw	Tweel (Garrel)
Klo	Va	Vahren (Cloppenburg)
Klo	Vb	Varrelbusch (Garrel)
Klo	Vt	Vorderthüle
Klo	Wi	Winkum
Klo	Ws	Warnstedt (Cappeln)
Kos	Au	Aulendorf (Beerlage)
Kos	Ba	Baumberge (Gegend von Billerbeck)
Kos	Bb	Billerbeck
Kos	Be	Beerlage
Kos	Bö	Börnste (Dülmen)
Kos	Bu	Buldern
Kos	Bü	Büren
Kos	Da	Darup
Kos	Dd	Daldrup (Dülmen)
Kos	Df	Darfeld
Kos	Dk	Dernekamp (Dülmen)
Kos	Dü	Dülmen
Kos	Es	Estern
Kos	Fl	Flamschen (Coesfeld)
Kos	Ga	Gantweg (Billerbeck)
Kos	Gb	Gescher Bauerschaft, nach Stadtlohn zu
Kos	Ge	Gescher
Kos	Go	Goxel (Coesfeld)
Kos	Gp	Gaupel (Coesfeld)
Kos	Ha	Harle (Coesfeld)
Kos	Hd	Hausdülmen
Kos	He	Hegerort (Holtwick)
Kos	Hi	Hiddingsel
Kos	Ho	Horst (Osterwick)
Kos	Hö	Höpingen (Darfeld)
Kos	Hw	Holtwick
Kos	Ka	Tungerloh-Kapellen
Kos	Kf	Coesfeld
Kos	Kh	Karthaus (Dülmen)
Kos	Kl	Klye (Coesfeld)
Kos	Le	Lette
Kos	Ls	Leuste (Dülmen)
Kos	Mf	Merfeld
Kos	Mw	Mitwick (Dülmen)
Kos	Oh	Höven (Osterwick)
Kos	Ow	Osterwick
Kos	Rr	Rorup
Kos	Sf	Sirksfeld (Coesfeld)
Kos	Sk	Stockum (Coesfeld)
Kos	St	Stevede (Coesfeld)
Kos	Tu	Tungerloh-Pröbsting
Kos	Vi	Visbeck (Dülmen-Daldrup)
Kos	We	Welte (Dülmen)
Lem	Ad	Asendorf
Lem	Al	Alverdissen
Lem	Am	Almena
Lem	As	Asemissen
Lem	Ba	Barntrup
Lem	Be	Bechterdissen
Lem	Bf	Bösingfeld
Lem	Bg	Bega
Lem	Bk	Bremke
Lem	Bp	Bentrup (Sommersell)
Lem	Br	Brake
Lem	Bt	Bentorf
Lem	Bx	Bexten (Wülfer-Bexten)
Lem	Dö	Dörentrup (Hillentrup)
Lem	Er	Erder
Lem	Gö	Göstrup
Lem	Gr	Greste
Lem	Hb	Heidelbeck
Lem	Hd	Herbrechtdorf (Asendorf)
Lem	He	Helpup
Lem	Hf	Humfeld
Lem	Hg	Hellberg (Asendorf)
Lem	Hh	Holzhausen
Lem	Ho	Hohenhausen
Lem	Hö	Hölsen (Grastrup-Hölsen)
Lem	Ht	Hillentrup
Lem	Ka	Kalldorf
Lem	Ki	Kirchheide (Matorf)
Lem	Kn	Knetterheide
Lem	La	Laubke (Lemgo)
Lem	Lb	Linderbruch (Asemissen)
Lem	Lc	Laßbruch
Lem	Ld	Lüdenhausen
Lem	Le	Leese
Lem	Lf	Linderhofe
Lem	Lg	Lemgo
Lem	Lh	Langenholzhausen
Lem	Li	Lieme
Lem	Lo	Lockhausen
Lem	Lp	Leopoldshöhe
Lem	Lr	Lipperreihe (Oerlinghausen)
Lem	Lü	Lüerdissen
Lem	Ma	Marksberg (Humfeld)
Lem	Mb	Meierberg
Lem	Mt	Matorf
Lem	Ör	Oerlinghausen
Lem	Re	Retzen
Lem	Sb	Sonneborn
Lem	Sc	Schötmar
Lem	Se	Selbeck
Lem	Sh	Schuckenbaum
Lem	Si	Silixen
Lem	Sm	Stemmen
Lem	St	Struchtrup (Bega)
Lem	Su	Bad Salzuflen
Lem	Sw	Schwelentrup
Lem	Sx	Schönhagen
Lem	Ta	Talle
Lem	Va	Varenholz
Lem	Vh	Voßheide
Lem	Vo	Volkhausen (Retzen)
Lem	Wa	Wahmbeck
Lem	Wb	Wiembeck
Lem	Wd	Wahmbeckerheide (Wahmbeck)
Lem	Wh	Wendlinghausen
Lem	Wr	Wülfer mit Bekamp (Wülfer-Bexten)
Lem	Wü	Wüsten
Lhs	Ab	Ascheberg
Lhs	Ah	Aldenhövel
Lhs	Al	Alstedde (Altlünen)
Lhs	Bb	Berenbrock (Lüdinghausen)
Lhs	Bh	Bockum-Hövel
Lhs	Bk	Bork
Lhs	Bo	Bockum (Bockum-Hövel)
Lhs	Db	Davensberg (Ascheberg)
Lhs	Dr	Drensteinfurt
Lhs	Ei	Eickendorf (Drensteinfurt)
Lhs	El	Elvert (Lüdinghausen)
Lhs	Em	Emkum (Seppenrade)
Lhs	Er	Ehringhausen (Werne)
Lhs	Fh	Forsthövel (Herbern)
Lhs	He	Herbern
Lhs	Ho	Horst (Stockum)
Lhs	Hö	Hövel (Bockum-Hövel)
Lhs	Hs	Herrenstein (Walstedde)
Lhs	Ka	Capelle
Lhs	La	Langern (Werne)
Lhs	Lh	Lüdinghausen
Lhs	Me	Mersch (Drensteinfurt)
Lhs	Nb	Netteberge (Bork)
Lhs	Nk	Nordkirchen
Lhs	Ob	Ottmarsbocholt
Lhs	Ol	Olfen
Lhs	On	Ondrup (Seppenrade)
Lhs	Se	Senden
Lhs	Sk	Südkirchen
Lhs	Sm	Selm
Lhs	Sr	Seppenrade
Lhs	St	Stockum
Lhs	Te	Tetekum (Seppenrade)
Lhs	Th	Tüllinghoff (Lüdinghausen)
Lhs	Ve	Venne
Lhs	Vi	Vinnum (Olfen)
Lhs	We	Wethmar (Altlünen)
Lhs	Wi	Wierling (Senden)
Lhs	Wl	Wessel (Stockum)
Lhs	Wn	Werne
Lhs	Wp	Westrup (Lüdinghausen)
Lhs	Ws	Walstedde
Lin	Al	Ahlde
Lin	Av	Andervenne
Lin	Ax	Altenlingen
Lin	Ay	Altenlünne
Lin	Ba	Baccum
Lin	Be	Beesten
Lin	Bh	Bramhar
Lin	Bi	Biene
Lin	Bk	Brockhausen
Lin	Bl	Berge u. Leschede
Lin	Br	Brögbern
Lin	Bs	Bramsche
Lin	Bt	Bernte
Lin	Bw	Bawinkel
Lin	Bx	Bexten
Lin	Da	Darme
Lin	Dp	Drope (Gersten)
Lin	Eb	Elbergen
Lin	Em	Emsbüren
Lin	Es	Estringen
Lin	Fr	Freren
Lin	Ge	Gersten
Lin	Gl	Gleesen
Lin	Ha	Handrup
Lin	Hd	Hummeldorf
Lin	Hh	Holthausen
Lin	Ho	Holsten
Lin	La	Langen
Lin	Le	Lengerich
Lin	Li	Lingen
Lin	Lo	Lohne (Schepsdorf-Lohne)
Lin	Ls	Leschede
Lin	Lt	Listrup (Bexten-Listrup)
Lin	Lx	Laxten
Lin	Me	Messingen
Lin	Mr	Mehringen
Lin	Mu	Mundersum
Lin	Nl	Lohne-Nordlohne
Lin	Pl	Plantlünne
Lin	Po	Plankorth
Lin	Sb	Salzbergen
Lin	Sc	Schapen
Lin	Sd	Schepsdorf (Lohne)
Lin	Sl	Setlage
Lin	Sn	Schardingen (Beesten)
Lin	Sp	Spelle
Lin	St	Steide
Lin	Su	Suttrup
Lin	Th	Thuine
Lin	Va	Varenrode
Lin	Vh	Venhaus
Lin	Wd	Wachendorf
Lin	We	Wettrup
Lst	Ag	Altengeseke
Lst	An	Anröchte
Lst	Ar	Altenrüthen
Lst	Bb	Berenbrock
Lst	Bf	Bökenförde
Lst	Bg	Berge
Lst	Bh	Benninghausen
Lst	Bö	Bönninghausen
Lst	Dh	Dedinghausen
Lst	Dr	Drewer
Lst	Eb	Ebbinghausen
Lst	Ef	Effeln
Lst	Eh	Ehringhausen
Lst	Ei	Eikeloh
Lst	Er	Erwitte
Lst	Es	Esbeck
Lst	Ge	Geseke
Lst	He	Hemmern
Lst	Hh	Heringhausen
Lst	Ho	Horn (Horn-Millinghausen)
Lst	Hs	Hoinkhausen
Lst	Ka	Kallenhardt
Lst	Kh	Kellinghausen
Lst	Kl	Klieve
Lst	Kn	Kneblinghausen
Lst	Kp	Cappel
Lst	La	Langeneicke
Lst	Li	Lippstadt
Lst	Lr	Lipperode
Lst	Ls	Langenstraße (Langenstraße-Heddinghausen)
Lst	Me	Mellrich
Lst	Mh	Mettinghausen → Bür Me
Lst	Mö	Mönninghausen
Lst	Ms	Meiste
Lst	Mz	Menzel
Lst	Oh	Overhagen
Lst	Ös	Oestereiden
Lst	Ri	Rixbeck
Lst	Ro	Robringhausen
Lst	Rü	Rüthen
Lst	Sc	Schallern
Lst	Sl	Schmerlecke
Lst	Sm	Störmede
Lst	St	Stirpe
Lst	Su	Suttrop
Lst	Vö	Völlinghausen
Lst	Wk	Bad Westernkotten
Lüb	Al	Alswede
Lüb	Ar	Arrenkamp
Lüb	As	Ahlsen-Reineberg
Lüb	Ba	Barl (Wehe)
Lüb	Bh	Börninghausen
Lüb	Bl	Blasheim
Lüb	Br	Bröderhausen
Lüb	Bü	Büttendorf
Lüb	De	Destel
Lüb	Di	Dielingen
Lüb	Dr	Drohne
Lüb	En	Engershausen
Lüb	Fa	Fabbenstedt
Lüb	Fi	Fiestel (Alswede)
Lüb	Fr	Frotheim
Lüb	Fs	Stellerriege (Frotheim)
Lüb	Gb	Gehlenbeck
Lüb	Ge	Gestringen (Alswede)
Lüb	Ha	Haldem
Lüb	He	Hedem
Lüb	Hh	Holzhausen
Lüb	Hl	Harlinghausen
Lüb	Ho	Holsen
Lüb	Ht	Heuerort (Preußisch Ströhen)
Lüb	Hü	Hüllhorst
Lüb	Is	Isenstedt
Lüb	Kl	Kleinendorf
Lüb	Lb	Lübbecke
Lüb	Le	Levern
Lüb	Mo	Moorort (Preußisch Ströhen)
Lüb	Ne	Nettelstedt
Lüb	Nm	Niedermehnen
Lüb	Ob	Oberbauerschaft
Lüb	Od	Oppendorf
Lüb	Of	Offelten
Lüb	Om	Obermehnen
Lüb	Ow	Oppenwehe
Lüb	Po	Preußisch Oldendorf
Lüb	Ps	Preußisch Ströhen
Lüb	Ra	Rahden
Lüb	Sh	Schröttinghausen
Lüb	Si	Sielhorst
Lüb	Sn	Schnathorst
Lüb	St	Stockhausen (Blasheim)
Lüb	Su	Sundern (Levern)
Lüb	Te	Tengern
Lüb	Ti	Tielge (Pr. Ströhen)
Lüb	To	Tonnenheide
Lüb	Tw	Twiehausen
Lüb	Va	Varl
Lüb	Ve	Vehlage
Lüb	Vh	Varlheide (Rahden)
Lüb	We	Wehdem
Lüb	Wh	Wehe
Lüb	Wp	Westrup
Mel	Am	Altenmelle
Mel	Bm	Bruchmühlen
Mel	Bu	Buer
Mel	Dd	Dielingdorf
Mel	Dö	Döhren
Mel	Dr	Dratum-Ausbergen
Mel	Dt	Drantum
Mel	Dü	Düingdorf
Mel	Eb	Eicken-Bruche
Mel	Fö	Föckinghausen
Mel	Ga	Groß Aschen
Mel	Gd	Gerden
Mel	Ge	Gesmold
Mel	Hd	Handarpe
Mel	Ho	Hoyel
Mel	Hu	Hustädte
Mel	Kr	Krukum
Mel	Kü	Küingdorf
Mel	Md	Meesdorf
Mel	Me	Melle
Mel	Nf	Nordenfelde
Mel	Nk	Neuenkirchen
Mel	Ns	Niederschlochtern
Mel	Od	Oldendorf
Mel	Ri	Riemsloh
Mel	Sa	St. Annen (Schiplage)
Mel	Su	Suttorf
Mel	Ub	Uhlenberg
Mel	Üh	Üdinghausen
Mel	Wd	Wehringdorf
Mel	We	Wennigsen
Mel	Wh	Wellingholzhausen
Mel	Wt	Wetter
Mel	Wy	Westhoyel
Mep	Ab	Altenberge
Mep	Ad	Andrup
Mep	Ah	Altharen
Mep	Am	Ahmsen
Mep	Bh	Bookhof
Mep	Bo	Bokeloh
Mep	Bü	Bückelte
Mep	Da	Dalum
Mep	Dk	Dankern
Mep	Do	Dohren
Mep	Dö	Dörgen
Mep	Em	Emmeln
Mep	Fu	Fullen
Mep	Gb	Groß Berßen
Mep	Ge	Geeste
Mep	Gf	Groß Fullen
Mep	Gh	Groß Hesepe
Mep	Gs	Groß Stavern
Mep	Ha	Haren
Mep	He	Herßum
Mep	Hl	Haselünne
Mep	Hm	Hebelermeer
Mep	Hn	Hemsen
Mep	Ho	Holte
Mep	Hs	Hesepertwist
Mep	Ht	Helte
Mep	Hü	Hülsen
Mep	Kh	Klosterholte
Mep	Ks	Klein Stavern
Mep	La	Lahre
Mep	Lä	Lähden
Mep	Le	Landegge
Mep	Lg	Lage
Mep	Ll	Lindloh
Mep	Lo	Lotten
Mep	Lt	Lehrte
Mep	Mp	Meppen
Mep	Rb	Rütenbrock
Mep	Rm	Rühlermoor (Rühle)
Mep	Rt	Rühlertwist
Mep	Rü	Rühle
Mep	Sd	Schöningsdorf
Mep	Sf	Schwefingen
Mep	Sp	Sprakel (Groß Stavern)
Mep	Sw	Schwartenberg
Mep	Te	Teglingen
Mep	Tw	Twist
Mep	Va	Varloh
Mep	Ve	Versen
Mep	Vi	Vinnen
Mep	Wa	Wachtum
Mep	We	Wesuwe
Mep	Wl	Westerloh
Mes	Af	Altenfeld (Bödefeld)
Mes	Ai	Altenilpe (Dorlar)
Mes	Ba	Bamenohl (Schönholthausen)
Mes	Bb	Brabecke (Bödefeld)
Mes	Bd	Bremscheid (Eslohe)
Mes	Be	Berge (Calle)
Mes	Bf	Büenfeld
Mes	Bh	Berghausen (Fredeburg)
Mes	Bk	Bremke
Mes	Bl	Berlar (Ramsbeck)
Mes	Bö	Bödefeld
Mes	Br	Bracht (Wormbach)
Mes	Bs	Bausenrode (Schönholthausen)
Mes	Bü	Büemke
Mes	Bw	Bestwig (Velmede)
Mes	Do	Dorlar
Mes	Dt	Deutmecke (Schönholthausen)
Mes	Eh	Einhaus (Remblinghausen)
Mes	Es	Eslohe
Mes	Ev	Eversberg
Mes	Fb	Fleckenberg
Mes	Fh	Frielinghausen (Remblinghausen)
Mes	Fi	Finnentrop
Mes	Fr	Fredeburg
Mes	Ft	Fretter
Mes	Ge	Gellinghausen (Bödefeld)
Mes	Gh	Gevelinghausen
Mes	Gl	Gleidorf
Mes	Gr	Grafschaft
Mes	Hb	Halbeswig
Mes	He	Heringhausen
Mes	Hh	Herhagen (Reiste)
Mes	Ho	Holthausen (Oberkirchen)
Mes	Ka	Calle
Mes	Kl	Beringhauser Klause
Mes	Ko	Kobbenrode
Mes	Kr	Kirchrarbach (Rarbach)
Mes	Kü	Kückelheim (Eslohe)
Mes	La	Latrop (Grafschaft)
Mes	Lh	Lenhausen
Mes	Me	Meschede
Mes	Ms	Mittelsorpe (Oberkirchen)
Mes	Na	Neuandreasberg (Ramsbeck)
Mes	Nf	Niederfleckenberg (Fleckenberg)
Mes	Nh	Niederhenneborn (Rarbach)
Mes	Ni	Niedersorpe
Mes	Nl	Niederlandenbeck (Kobbenrode)
Mes	No	Nordenau (Oberkirchen)
Mes	Ns	Niedersalwey (Eslohe)
Mes	Nu	Nuttlar
Mes	Öd	Oedingen
Mes	Oh	Oberhenneborn (Rarbach)
Mes	Ok	Oberkirchen
Mes	Os	Obersalwey (Eslohe)
Mes	Ot	Ostentrop (Schönholthausen)
Mes	Ow	Ostwig
Mes	Ra	Ramsbeck
Mes	Rb	Remblinghausen
Mes	Re	Reiste
Mes	Rh	Rönkhausen
Mes	Sc	Schliprüthen
Mes	Sd	Schöndelt (Oedingen)
Mes	Sh	Schönholthausen
Mes	Sm	Schmallenberg
Mes	Sr	Serkenrode
Mes	St	Steinsiepen (Schliprüthen)
Mes	Ve	Velmede
Mes	Wa	Wallen (Calle)
Mes	Wb	Westernbödefeld (Bödefeld)
Mes	We	Wennemen
Mes	Wf	Westfeld (Oberkirchen)
Mes	Wh	Wenholthausen
Mes	Wo	Wormbach
Mes	Wp	Weuspert (Schönholthausen)
Mes	Ws	Wehrstapel (Eversberg)
Min	Ba	Babbenhausen (Rehme)
Min	Bh	Buchholz
Min	Bi	Bierde
Min	Bk	Bergkirchen
Min	Bn	Barkhausen
Min	Bö	Bölhorst
Min	Da	Dankersen
Min	De	Dehme
Min	Dö	Döhren
Min	Dü	Dützen
Min	Eh	Eickhorst
Min	Ei	Eisbergen
Min	El	Eldagsen
Min	En	Eidinghausen
Min	Fr	Frille
Min	Fw	Friedewalde
Min	Go	Gorspen-Vahlsen
Min	Gr	Großenheerse
Min	Ha	Hahlen
Min	Hä	Häverstädt
Min	Hb	Hausberge
Min	Hd	Haddenhausen
Min	He	Heimsen
Min	Hh	Holzhausen I (b. Hausberge)
Min	Hi	Hille
Min	Hm	Hartum
Min	Ho	Holtrup
Min	Hs	Harrienstädt (Südfelde)
Min	Hz	Holzhausen II (b. Hartum)
Min	Ih	Ilserheide
Min	Il	Ilvese
Min	Is	Ilse
Min	Jö	Jössen
Min	Kb	Kleinenbremen
Min	Kh	Kutenhausen
Min	Ko	Costedt
Min	La	Lahde
Min	Lb	Lerbeck
Min	Lf	Lohfeld
Min	Lo	Lohe
Min	Ma	Maaslingen
Min	Mb	Möllbergen
Min	Me	Meißen
Min	Mi	Minden
Min	Ml	Meßlingen
Min	Mo	Minden (Oberstadt)
Min	Mw	Mindenerwald (Hille)
Min	Na	Nammen
Min	Nb	Niederbecksen
Min	Ne	Neuenbaum (Hille)
Min	Nh	Nordhemmern
Min	Nk	Neuenknick
Min	Ns	Neesen
Min	Ob	Oberbecksen (Rehme)
Min	Öh	Bad Oeynhausen
Min	Ol	Oberlübbe
Min	Os	Ovenstädt
Min	Pä	Päpinghausen
Min	Ph	Petershagen
Min	Qu	Quetzen
Min	Rd	Raderhorst
Min	Re	Rehme
Min	Rh	Rosenhagen
Min	Ro	Rothenuffeln
Min	Sb	Schlüsselburg
Min	Sf	Südfelde
Min	Sh	Südhemmern
Min	St	Stemmer
Min	To	Todtenhausen
Min	Uf	Uffeln
Min	Ul	Unterlübbe
Min	Ve	Vennebeck
Min	Vh	Veltheim
Min	Vo	Volmerdingsen
Min	We	Werste
Min	Wg	Wegholm (Friedewalde)
Min	Wh	Windheim
Min	Wk	Wülpke
Min	Wl	Wittloge (Hille)
Min	Wö	Wöhren (Eidinghausen)
Min	Wt	Wietersheim
Min	Wu	Wulferdingsen
Mün	Ab	Albachten
Mün	Ad	Aldrup (Greven)
Mün	Ak	Alverskirchen
Mün	Al	Albersloh
Mün	Am	Amelsbüren
Mün	An	Angelmodde
Mün	Ap	Appelhülsen
Mün	Bb	Brock-Ostbevern
Mün	Bo	Bockholt (Greven)
Mün	Br	Westbevern-Brock
Mün	Bs	Bösensell
Mün	Db	Dorbaum (Handorf)
Mün	Gb	Münster-Gievenbeck
Mün	Ge	Gelmer
Mün	Gi	Gimbte
Mün	Gr	Greven
Mün	Gs	Münster-Geist
Mün	Gu	Guntrup (Greven)
Mün	Ha	Havixbeck
Mün	Hb	Herbern
Mün	Hd	Handorf
Mün	Hi	Hiltrup
Mün	Ho	Hohenholte
Mün	Hp	Hüttrup (Greven)
Mün	Kh	Kinderhaus (Münster)
Mün	Kö	Coerde (St. Mauritz)
Mün	Kw	Kasewinkel (Handorf)
Mün	Mb	Mecklenbeck (Münster)
Mün	Ms	Sandrup (St. Mauritz)
Mün	Mü	Münster
Mün	Mz	St. Mauritz (Münster)
Mün	Nb	Nienberge
Mün	No	Nottuln
Mün	Ro	Roxel
Mün	Rr	Rinkerode
Mün	Sb	Saerbeck
Mün	Sd	Schapdetten
Mün	Sh	Schmedehausen (Greven)
Mün	Sp	Sprakel (St. Mauritz)
Mün	Te	Telgte
Mün	Wb	Westbevern
Mün	Wl	Westladbergen
Mün	Wo	Wolbeck
Nie	Am	Anemolter
Nie	Bh	Bohnhorst
Nie	Bo	Bolsehle
Nie	Br	Brüninghorstedt
Nie	Dh	Düdinghausen
Nie	Di	Diepenau
Nie	Dl	Darlaten
Nie	Dt	Dierstorf (Huddestorf)
Nie	Es	Essern
Nie	Gv	Großenvörde
Nie	Hh	Heidhausen (Landesbergen)
Nie	Hi	Hibben
Nie	Ho	Hoysinghausen
Nie	Hö	Höfen
Nie	Hs	Harrienstedt
Nie	Ht	Huddestorf
Nie	Hu	Husum
Nie	Jh	Jenhorst
Nie	La	Lavelsloh
Nie	Lh	Lohhof
Nie	Lo	Loccum
Nie	Mh	Münchehagen
Nie	Mü	Müsleringen
Nie	Nd	Nendorf
Nie	No	Nordel
Nie	Sa	Sapelloh
Nie	Sh	Sarninghausen
Nie	St	Steinbrink
Nie	Uc	Uchte
Nie	Wa	Warmsen
Nie	Wf	Westenfeld (Harrienstedt)
Nie	Wh	Woltringhausen
Nie	Wi	Winzlar
Olp	Ab	Albaum (Kirchhundem)
Olp	Ah	Altenhundem (Kirchhundem)
Olp	Ak	Altenkleusheim (Kleusheim)
Olp	At	Attendorn
Olp	Bb	Beukenbeul (Attendorn)
Olp	Be	Benolpe (Bilstein)
Olp	Bh	Brachthausen (Kohlhagen)
Olp	Bl	Berlinghausen (Drolshagen-Land)
Olp	Bs	Bilstein (Kirchveischede)
Olp	Bü	Bürberg (Helden)
Olp	Da	Dahl (Olpe)
Olp	Dh	Drolshagen
Olp	Dü	Dünschede (Helden)
Olp	Eb	Elben (Wenden)
Olp	Eh	Eichhagen (Rhode)
Olp	El	Elspe
Olp	En	Ennest (Attendorn)
Olp	Fö	Förde (jetzt Grevenbrück)
Olp	Gb	Grevenbrück = Fö
Olp	Ge	Gerlingen (Wenden)
Olp	Gi	Gipperich (Drolshagen)
Olp	Ha	Halberbracht (Elspe)
Olp	Hb	Hünsborn (Wenden)
Olp	He	Helden
Olp	Hg	Heggen (Attendorn)
Olp	Hi	Hillmicke (Wenden)
Olp	Ho	Hofolpe (Kirchhundem)
Olp	Hp	Hespecke (Elspe)
Olp	Hs	Heinsberg
Olp	Hü	Hülschotten (Attendorn)
Olp	Kh	Kirchhundem
Olp	Kv	Kirchveischede
Olp	La	Langenei (Altenhundem)
Olp	Le	Lenne
Olp	Li	Lichtringhausen (Attendorn)
Olp	Ls	Listernohl (Attendorn)
Olp	Lü	Lütringhausen (Olpe)
Olp	Ma	Marmecke
Olp	Mb	Milchenbach (Lenne)
Olp	Me	Meggen (Elspe)
Olp	Mh	Mecklinghausen (Helden)
Olp	Mk	Maumke (Grevenbrück)
Olp	Ne	Neger (Ober-, Mittel- u. Unter-)
Olp	Nh	Niederhelden (Helden)
Olp	Nk	Neuenkleusheim (Kleusheim)
Olp	Oe	Oberelspe (Elspe)
Olp	Of	Ottfingen (Wenden)
Olp	Oh	Oberhundem
Olp	Ol	Olpe
Olp	Om	Obermelbecke
Olp	Ov	Oberveischede
Olp	Rb	Rahrbach
Olp	Re	Rehringhausen
Olp	Rh	Rhode
Olp	Ri	Rinsecke
Olp	Rl	Röllecken
Olp	Ro	Rhonard
Olp	Rö	Römershagen
Olp	Rp	Repe
Olp	Rü	Rüblinghausen
Olp	Sb	Schmellenberg (Kirchveischede)
Olp	Sc	Schönau
Olp	Sh	Saalhausen
Olp	Sm	Saßmicke
Olp	Sp	Sporke
Olp	Sr	Schreibershof
Olp	Te	Theten
Olp	Th	Thieringhausen = Ti
Olp	Ti	Thieringhausen
Olp	Va	Varste
Olp	We	Welschenennest
Olp	Wi	Wirme
Olp	Wn	Wenden
Osn	Ad	Aschendorf
Osn	Af	Averfehrden
Osn	Al	Allendorf
Osn	As	Aschen
Osn	At	Astrup
Osn	Bd	Bissendorf
Osn	Be	Belm
Osn	Bo	Borgloh
Osn	Ed	Eppendorf
Osn	Er	Erpen
Osn	Ga	Gaste
Osn	Gb	Gellenbeck
Osn	Gh	Georgsmarienhütte
Osn	Gl	Glandorf
Osn	Gn	Glane
Osn	Gr	Gretesch
Osn	Ha	Haltern
Osn	Hb	Hankenberge
Osn	Hd	Harderberg
Osn	He	Hellern
Osn	Hg	Hagen
Osn	Hi	Hilter
Osn	Hl	Hollage
Osn	Hr	Hasbergen
Osn	Hs	Haste
Osn	Ht	Holte
Osn	Ib	Iburg
Osn	Ik	Icker (Belm)
Osn	Je	Jeggen
Osn	Kk	Kleekamp → Hal Kk
Osn	Kl	Kloster Oesede
Osn	La	Laer
Osn	Le	Lechtingen
Osn	Lü	Lüstringen
Osn	Mb	Malbergen
Osn	Me	Mentrup
Osn	My	Müschen
Osn	Na	Nahne
Osn	Ne	Nemden
Osn	Nh	Natrup-Hagen
Osn	Nt	Natrup-Hilter
Osn	Ob	Osnabrück
Osn	Of	Ostenfelde
Osn	Ok	Ostercappeln → Wlg Oc
Osn	Or	Ohrbeck
Osn	Ös	Oesede
Osn	Pi	Pye
Osn	Re	Remsede
Osn	Rf	Rothenfelde
Osn	Ru	Rulle
Osn	Sc	Schledehausen
Osn	Sd	Sudendorf
Osn	Se	Sentrup
Osn	Sf	Sudenfeld
Osn	Sh	Schinkel
Osn	Sl	Schierloh
Osn	Sp	Sentrup
Osn	Su	Sutthausen
Osn	Sw	Schwege
Osn	Uh	Uphausen (Bissendorf)
Osn	Ve	Vehrte
Osn	Vo	Voxtrup
Osn	Wd	Wellendorf
Osn	We	Wellingen
Osn	Wf	Westendorf
Osn	Wh	Wallenhorst
Osn	Ws	Wersche
Pad	Ab	Altenbeken
Pad	Al	Alfen
Pad	Bh	Benhausen
Pad	Bo	Borchen
Pad	Bu	Buke
Pad	Da	Dahl
Pad	Db	Delbrück
Pad	Dh	Dörenhagen
Pad	El	Elsen
Pad	Es	Espeln (Ostenland)
Pad	Hh	Hövelhof-Riege
Pad	Hö	Hövelhof
Pad	Kb	Kirchborchen
Pad	Kl	Klausheide
Pad	Li	Lippspringe
Pad	Lp	Lippling (Westerloh)
Pad	Ml	Marienloh
Pad	Nb	Nordborchen
Pad	Ne	Neuenbeken
Pad	Nh	Nordhagen (Hagen)
Pad	Ns	Neuhaus
Pad	Nt	Nesthausen (Sande)
Pad	Ol	Ostenland
Pad	Om	Ostenland-Mühlensenne
Pad	Pb	Paderborn
Pad	Ri	Riege (Hövelhof)
Pad	Sa	Sande
Pad	Sc	Schöning (Westerloh)
Pad	Sh	Steinhorst (Westerloh)
Pad	Sl	Sennelager (Neuhaus)
Pad	St	Stukenbrok
Pad	Su	Südhagen (Hagen)
Pad	Sw	Schwaney
Pad	Wh	Westenholz
Pad	Wl	Westerloh
Pad	Ww	Wewer
Rek	Ad	Altendorf-Ulfkotte
Rek	Al	Altschermbeck
Rek	As	Ahsen
Rek	Ba	Backum (Recklinghausen)
Rek	Bd	Bossendorf (Hamm)
Rek	Bm	Bockum (Datteln)
Rek	Bo	Boyer (Bottrop)
Rek	Bp	Bottrop
Rek	Bs	Buer-Scholven → Gel Bs
Rek	Bu	Buer-Resse → Gel Bu
Rek	Bx	Buer → Gel Bx
Rek	Da	Datteln
Rek	De	Deuten
Rek	Di	Disteln (Herten)
Rek	Do	Dorsten
Rek	Er	Erle
Rek	Es	Erkenschwick
Rek	Fh	Flaesheim
Rek	Gb	Gladbeck
Rek	Gl	Gladbeck-Brauck
Rek	Ha	Haltern
Rek	Hb	Horneburg
Rek	He	Herten
Rek	Hh	Holsterhausen
Rek	Hl	Hochlar (Recklinghausen)
Rek	Hm	Horster Mark → Gel Hm
Rek	Ho	Holthausen (Henrichenburg)
Rek	Hr	Henrichenburg
Rek	Hu	Hullern
Rek	Hü	Hüls
Rek	Hv	Hervest
Rek	Hx	Hamm
Rek	Kh	Kirchhellen
Rek	La	Lavesum (Haltern)
Rek	Lb	Lembeck
Rek	Ld	Lippramsdorf
Rek	Lh	Leveringhausen
Rek	Ma	Marl
Rek	Mh	Meckinghofen (Datteln)
Rek	Of	Osterfeld → Ess Of
Rek	Pe	Pelkum (Datteln)
Rek	Po	Polsum
Rek	Ra	Rhade
Rek	Rh	Recklinghausen
Rek	Rs	Recklinghausen-Suderwick
Rek	Si	Sinsen (Oer)
Rek	Sm	Sickingmühle (Hamm)
Rek	St	Stuckenbusch (Recklinghausen)
Rek	Sy	Sythen
Rek	Wd	Wessendorf (Lembeck)
Rek	Wh	Westerholt
Rek	Wp	Waltrop
Rek	Wu	Wulfen
Sch	Al	Algesdorf
Sch	An	Antendorf
Sch	Ap	Apelern
Sch	Au	Auhagen
Sch	Ba	Barksen
Sch	Bd	Beckedorf
Sch	Bo	Borstel
Sch	Db	Deckbergen
Sch	En	Engern
Sch	Es	Escher
Sch	Ex	Exten
Sch	Fi	Fischbeck
Sch	Fu	Fuhlen
Sch	Gb	Goldbeck
Sch	Gh	Groß Hegesdorf
Sch	Gn	Groß Nenndorf (Bad Nenndorf)
Sch	Gw	Großenwieden
Sch	Ha	Haste
Sch	Hd	Haddessen
Sch	He	Heßlingen
Sch	Hh	Helsinghausen
Sch	Ho	Horsten
Sch	Hö	Höfingen
Sch	Hr	Hohenrode
Sch	Ht	Hohenhorst
Sch	Ka	Kathrinhagen
Sch	Kh	Krankenhagen
Sch	Kr	Kreuzriehe
Sch	Lf	Langenfeld
Sch	Li	Liekwegen
Sch	Ly	Lyhren
Sch	Mb	Möllenbeck
Sch	Nd	Bad Nenndorf
Sch	Ob	Obernkirchen
Sch	Ot	Ottensen
Sch	Pö	Pötzen
Sch	Ra	Rannenberg
Sch	Rd	Reinsdorf
Sch	Re	Rehren
Sch	Rh	Rolfshagen
Sch	Ri	Rinteln
Sch	Rn	Rohden
Sch	Ro	Rodenberg
Sch	Rs	Reinsen
Sch	Ru	Rumbeck
Sch	Sd	Soldorf
Sch	Sh	Segelhorst
Sch	Wa	Waltringhausen
Sch	Wb	Weibeck
Sch	Wd	Westendorf
Sch	We	Welsede
Sch	Wk	Wennenkamp
Sos	Al	Allagen → Arn Al
Sos	Am	Ampen
Sos	Ba	Balksen
Sos	Be	Bergede
Sos	Bg	Brüllingen
Sos	Bh	Bettinghausen
Sos	Bk	Berksen
Sos	Bl	Blumroth
Sos	Bm	Bremen
Sos	Bn	Büninghausen (Heintrop)
Sos	Bo	Borgeln
Sos	Br	Brockhausen
Sos	Bs	Beusingsen
Sos	Bt	Blumenthal
Sos	Bü	Büderich
Sos	Bw	Berwicke
Sos	De	Deiringsen
Sos	Di	Dinker
Sos	Dl	Delecke
Sos	Dw	Dorfwelver
Sos	Eb	Enkesen im Bruch
Sos	Eh	Eineckerholsen
Sos	Ei	Einecke
Sos	Ek	Enkesen im Klei
Sos	El	Elfsen
Sos	Em	Eilmsen
Sos	En	Ehningsen
Sos	Eo	Eickelborn
Sos	Ep	Epsingen
Sos	Fl	Flerke
Sos	Ga	Gabrechten (Lohne)
Sos	Gü	Günne
Sos	Ha	Hattrop
Sos	He	Herringsen
Sos	Hh	Hattropholsen
Sos	Hi	Hiddingsen
Sos	Hn	Heintrop
Sos	Ho	Hovestadt
Sos	Hö	Höingen
Sos	Hp	Heppen
Sos	Ht	Holtum
Sos	Hu	Hultrop
Sos	Il	Illingen
Sos	Ka	Katrop
Sos	Kl	Klotingen
Sos	Kö	Körbecke
Sos	Ku	Kutmecke (Thöningsen)
Sos	Kw	Kirchwelver
Sos	Le	Lendringsen
Sos	Lh	Lohe (Westönnen)
Sos	Lo	Lohne
Sos	Lt	Lüttringen
Sos	Lü	Lühringsen (Thöningsen)
Sos	Mc	Meckingsen
Sos	Me	Meiningsen
Sos	Ml	Merklingsen
Sos	Mü	Müllingsen
Sos	My	Meyerich
Sos	Na	Nateln
Sos	Nb	Niederbauer
Sos	Nd	Norddinker → Unn Nd
Sos	Ne	Niederense
Sos	Ng	Neuengeseke
Sos	Nw	Nordwald
Sos	Ob	Oberbergstraße
Sos	Oh	Ostinghausen
Sos	Öh	Oestinghausen
Sos	Oö	Ostönnen
Sos	Op	Opmünden
Sos	Pa	Paradiese
Sos	Re	Recklingsen
Sos	Rl	Ruploh
Sos	Rö	Röllingsen
Sos	Ru	Ruhne
Sos	Sb	Schoneberg
Sos	Sc	Scheidingen
Sos	Sd	Sassendorf
Sos	Si	Sieveringen
Sos	Sk	Stockum
Sos	Sl	Schlückingen
Sos	So	Soest
Sos	St	Stocklarn
Sos	Sw	Schwefe
Sos	Th	Theiningsen
Sos	Tö	Thöningsen
Sos	Ve	Vellinghausen
Sos	Vö	Völlinghausen
Sos	Wa	Wamel
Sos	Wb	Westbüderich
Sos	Wd	Wildebauer (Echtrop)
Sos	We	Weslarn
Sos	Wh	Wiehagen
Sos	Wi	Wickede
Sos	Wl	Werl
Sos	Wö	Westönnen
Sos	Wp	Wippringsen
Sos	Wv	Welver
Stf	Ab	Altenberge
Stf	Ar	Altenrheine (Rheine)
Stf	Bo	Borghorst
Stf	Bu	Burgsteinfurt
Stf	Du	Dumte (Borghorst)
Stf	El	Elte
Stf	Em	Emsdetten
Stf	Ha	Hauenhorst
Stf	Hb	Hembergen
Stf	Hh	Holthausen
Stf	Hl	Hollich (Burgsteinfurt)
Stf	Ho	Horstmar
Stf	Ka	Katenhorn (Rheine)
Stf	La	Laer
Stf	Le	Leer
Stf	Lh	Langenhorst
Stf	Ls	Landersum (Neuenkirchen)
Stf	Me	Metelen
Stf	Ms	Mesum
Stf	Nk	Neuenkirchen
Stf	Nw	Nordwalde
Stf	Oc	Ochtrup
Stf	Rh	Rheine
Stf	Ro	Rodde (Rheine)
Stf	Se	Sellen (Burgsteinfurt)
Stf	Ve	Veltrup (Burgsteinfurt)
Stf	Wb	Welbergen
Stf	Wh	Wadelheim (Rheine)
Stf	Wt	Wettringen
Sth	En	Enzen
Sth	Gh	Großenheidorn
Sth	Hb	Hagenburg
Sth	Hh	Hülshagen
Sth	Hs	Heuerßen
Sth	La	Lauenhagen
Sth	Lf	Lüdersfeld
Sth	Lh	Lindhorst
Sth	Mb	Meerbeck
Sth	Nb	Nienbrügge
Sth	Nh	Niedernholz
Sth	Ni	Nienstädt
Sth	No	Nordsehl
Sth	Nw	Niederwöhren
Sth	Ob	Obernwöhren
Sth	Ph	Probsthagen
Sth	Po	Pollhagen
Sth	Sh	Steinhude
Sth	St	Stadthagen
Sth	Sü	Sülbeck
Sth	Vo	Volksdorf
Sth	Wh	Wendthagen
Sth	Wi	Wiedenbrügge
Sth	Wö	Wölpinghausen
Tek	Ad	Aldrup (Lengerich)
Tek	Al	Alstedde (Ibbenbüren)
Tek	Bb	Brochterbeck
Tek	Bc	Bruch (Mettingen)
Tek	Be	Bevergern
Tek	Bi	Birgte (Riesenbeck)
Tek	Bo	Bockraden (Ibbenbüren)
Tek	Br	Breischen (Hopsten)
Tek	Bü	Büren (Wersen)
Tek	Dl	Düte-Lada (Westerkappeln)
Tek	Dö	Dörenthe (Ibbenbüren)
Tek	Dr	Dreierwalde
Tek	Gh	Gravenhorst (Hörste)
Tek	Ha	Halen (Wersen)
Tek	Hb	Hambüren (Westerkappeln)
Tek	Hd	Handarpe (Westerkappeln)
Tek	Hf	Holperdorp (Lienen)
Tek	Hh	Holzhausen (Lienen)
Tek	Ho	Hohne (Lengerich)
Tek	Hö	Hörstel
Tek	Hp	Hopsten
Tek	Ht	Hoeste (Lienen)
Tek	Hv	Halverde
Tek	Ib	Ibbenbüren
Tek	Kv	Kattenvenne
Tek	La	Laggenbeck (Ibbenbüren)
Tek	Lb	Ladbergen
Tek	Ld	Leeden
Tek	Le	Lengerich
Tek	Lh	Lehen (Ibbenbüren)
Tek	Li	Lienen
Tek	Lo	Loose (Leeden)
Tek	Lt	Lotte
Tek	Lx	Ledde
Tek	Me	Mettingen
Tek	Mt	Metten (Westerkappeln)
Tek	Mw	Meckelwege (Lienen)
Tek	Nb	Niederbockraden (Ibbenbüren)
Tek	Ob	Oberbauer (Ledde)
Tek	Ol	Osterledde (Ibbenbüren)
Tek	Or	Oberbockraden (Ibbenbüren)
Tek	Os	Osterberg (Lotte)
Tek	Ow	Ostenwalde (Hörste)
Tek	Pü	Püsselbüren (Ibbenbüren)
Tek	Rb	Riesenbeck
Tek	Re	Recke
Tek	Sb	Schafberg (Ibbenbüren)
Tek	Sc	Schale
Tek	Se	Seeste (Westerkappeln)
Tek	Sl	Schierloh (Ibbenbüren)
Tek	St	Steinbeck
Tek	Tb	Tecklenburg
Tek	Uf	Uffeln (Ibbenbüren)
Tek	We	Wersen
Tek	Wk	Westerkappeln
Tek	Wt	Wechte
Unn	Ab	Altenbögge-Bönen
Unn	Ad	Altendorf
Unn	Af	Afferde
Unn	Ah	Alteheide
Unn	Ar	Ardey
Unn	Be	Berge
Unn	Bi	Billmerich
Unn	Bk	Bergkamen
Unn	Br	Bramey (Bramey-Lenningsen)
Unn	Bt	Bentrop
Unn	Dh	Dreihausen (Hemmerde)
Unn	Dl	Dellwig u. Langschede
Unn	Dw	Dellwig
Unn	Fb	Fröndenberg
Unn	Fh	Frohnhausen
Unn	Fl	Flierich
Unn	Fr	Frömern
Unn	Ha	Haaren
Unn	Hd	Heide (Massen)
Unn	He	Heil
Unn	Hh	Hohenheide (Stentrop)
Unn	Hi	Hilbeck
Unn	Hm	Hemmerde
Unn	Hn	Heeren (Heeren-Werve)
Unn	Ho	Holzwickede
Unn	Hr	Herringen
Unn	Hw	Heeren-Werve
Unn	Hx	Hamm = Ham Ha
Unn	Ka	Kamen
Unn	Kb	Kessebüren
Unn	La	Langschede
Unn	Le	Lerche
Unn	Ln	Lenningsen (Bramey-Lenningsen)
Unn	Lü	Lünern
Unn	Ma	Mark
Unn	Me	Methler
Unn	Mh	Mühlhausen
Unn	Ms	Massen
Unn	Nb	Nordbögge
Unn	Nd	Norddinker = Sos Nd
Unn	Ni	Niederaden
Unn	Nm	Niedermassen (Massen)
Unn	Oa	Oberaden
Unn	Ob	Ostbüren
Unn	Of	Osterflierich
Unn	Oh	Opherdicke
Unn	Oö	Osterbönen
Unn	Ot	Osttünnen
Unn	Ov	Overberge
Unn	Ow	Ostwennemar (Braam-Ostwennemar)
Unn	Pe	Pelkum
Unn	Ro	Rottum
Unn	Rü	Rünthe
Unn	Ry	Rhynern
Unn	Sb	Sandbochum
Unn	Sc	Scheda (Bentrop)
Unn	Sd	Süddinker
Unn	Si	Siddinghausen
Unn	Sk	Stockum
Unn	Sö	Sönnern
Unn	St	Stentrop
Unn	Sü	Südkamen
Unn	Ül	Ülzen
Unn	Un	Unna
Unn	Ün	Uentrop
Unn	Vö	Vöckinghausen
Unn	Wb	Westerbönen
Unn	Wd	Weddinghofen
Unn	We	Weetfeld
Unn	Wh	Wiescherhöfen
Unn	Wk	Wasserkurl
Unn	Wr	Werries
Unn	Ws	Westick (Kamen)
Vch	Ab	Ambergen (Goldenstedt)
Vch	As	Astrup
Vch	Ba	Bakum
Vch	Bf	Bergfeine (Damme)
Vch	Bh	Borringhausen
Vch	Bi	Bieste (Neuenkirchen)
Vch	Bk	Brockdorf (Lohne)
Vch	Bl	Bahlen (Dinklage)
Vch	Bo	Bokern-Ost (Lohne)
Vch	Br	Brägel (Lohne)
Vch	Da	Damme
Vch	Dd	Deindrup (Langförden)
Vch	Dl	Dinklage
Vch	Dü	Dümmerlohausen (Damme)
Vch	Ei	Einen (Goldenstedt)
Vch	El	Ellenstedt (Goldenstedt)
Vch	En	Endel (Visbek)
Vch	Fl	Fladderlohausen
Vch	Gh	Goldenstedter Heide (Goldenstedt)
Vch	Go	Goldenstedt
Vch	Ha	Halter (Visbek)
Vch	Hb	Haverbeck
Vch	Hd	Handorf
Vch	Hg	Hagen
Vch	Hh	Holthausen (Steinfeld)
Vch	Hi	Hinnenkamp
Vch	Hn	Hogenbögen (Visbek)
Vch	Ho	Holdorf
Vch	Hs	Hausstette (Vestrup)
Vch	Ht	Holtrup (Langförden)
Vch	Hx	Hagstedt (Visbek)
Vch	Ih	Ihorst
Vch	Ka	Carum
Vch	Kf	Krimpenfort
Vch	Kl	Calveslage
Vch	Kr	Kroge-Ehrendorf
Vch	Ld	Lohne u. Dinklage
Vch	Lf	Langförden
Vch	Lm	Lehmden
Vch	Lo	Lohne
Vch	Lu	Lutten
Vch	Lw	Langwege (Dinklage)
Vch	Md	Märschendorf (Lohne)
Vch	Mü	Mühlen (Steinfeld)
Vch	Nd	Norddöllen
Vch	Nh	Nellinghof (Neuenkirchen)
Vch	Nk	Neuenkirchen
Vch	Nl	Nordlohne (Lohne)
Vch	Oe	Osterende (Lutten)
Vch	Of	Osterfeine
Vch	Oy	Oythe
Vch	Rd	Rüschendorf (Damme)
Vch	Rf	Rechterfeld
Vch	Sc	Schledehausen
Vch	Sh	Sierhausen (Damme)
Vch	Sl	Südlohne (Lohne)
Vch	St	Steinfeld
Vch	Sw	Schwege (Dinklage)
Vch	Va	Varenesch (Goldenstedt)
Vch	Vb	Visbek
Vch	Ve	Vechta
Vch	Vh	Varnhorn
Vch	Vp	Vestrup
Vch	We	Wenstrup (Neuenkirchen)
Vch	Wö	Wöstendöllen
Vch	Wu	Wulfenau
Wal	Ad	Adorf
Wal	Af	Alraft
Wal	Al	Alleringhausen
Wal	Am	Ammenhausen
Wal	Ar	Arolsen
Wal	As	Asel
Wal	Ba	Basdorf
Wal	Bb	Buchenberg
Wal	Bd	Berndorf
Wal	Bh	Benkhausen
Wal	Bö	Bömighausen
Wal	Br	Braunsen
Wal	Bü	Bühle
Wal	De	Dehringhausen
Wal	Df	Deisfeld
Wal	Dh	Dehausen
Wal	Di	Dorfitter
Wal	Dt	Dalwigksthal
Wal	Ei	Eimelrod
Wal	El	Elleringhausen
Wal	En	Ober- u. Niederense
Wal	Ep	Eppe
Wal	Fb	Fürstenberg
Wal	Fl	Flechtdorf
Wal	Fr	Freienhagen
Wal	Gb	Gembeck
Wal	Gd	Goddelsheim
Wal	Gh	Goldhausen
Wal	Gi	Giebringhausen
Wal	Ha	Harbshausen
Wal	Hb	Herbsen
Wal	He	Helsen
Wal	Hh	Helmighausen
Wal	Hi	Hillershausen
Wal	Hm	Hemmighausen
Wal	Hö	Höringhausen
Wal	Hp	Hesperinghausen
Wal	Hr	Heringhausen
Wal	Hs	Helmscheid
Wal	Hz	Herzhausen
Wal	Im	Immighausen
Wal	It	Dorfitter u. Thalitter
Wal	Kb	Korbach
Wal	Kg	Kohlgrund
Wal	Ki	Kirchlotheim
Wal	Kü	Külte
Wal	La	Landau
Wal	Lb	Lelbach
Wal	Lf	Lengefeld
Wal	Lh	Lütersheim
Wal	Me	Mengeringhausen
Wal	Mh	Marienhagen
Wal	Ml	Mühlhausen
Wal	Mn	Meineringhausen
Wal	Ms	Massenhausen
Wal	Mü	Münden
Wal	Nb	Nordenbeck
Wal	Ne	Niederense
Wal	Nf	Neudorf
Wal	Nr	Neerdar
Wal	Ns	Nieder Schleidern
Wal	Nw	Niederwaroldern
Wal	Ob	Obernburg
Wal	Oe	Ober Ense
Wal	Ot	Ottlar
Wal	Ow	Oberwaroldern
Wal	Ra	Rhadern
Wal	Re	Rhena
Wal	Rg	Rhenegge
Wal	Ro	Rhoden
Wal	Rt	Rattlar
Wal	Sa	Sachsenhausen
Wal	Sb	Stormbruch
Wal	Sc	Schweinsbühl
Wal	Se	Selbach (Sachsenhausen)
Wal	Sf	Schwalefeld
Wal	Sm	Schmillinghausen
Wal	St	Strothe
Wal	Su	Sudeck
Wal	Ti	Thalitter
Wal	Tw	Twiste
Wal	Us	Usseln
Wal	Va	Vasbeck
Wal	Vh	Volkhardinghausen
Wal	Vö	Vöhl
Wal	Wb	Wetterburg
Wal	Wd	Waroldern
Wal	We	Ober Werbe
Wal	Wh	Wirmighausen
Wal	Wi	Willingen
Wal	Wl	Welleringhausen
Wal	Wr	Wrexen
Wal	Wt	Wethen
Wbg	Ah	Altenheerse
Wbg	Bb	Bonenburg
Wbg	Bg	Borgholz
Wbg	Bh	Borlinghausen
Wbg	Bo	Borgentreich
Wbg	Bü	Bühne
Wbg	Da	Dalheim
Wbg	Db	Dringenberg
Wbg	Dö	Dössel
Wbg	Ds	Daseburg
Wbg	Ei	Eißen
Wbg	En	Engar
Wbg	Fö	Fölsen
Wbg	Fr	Frohnhausen
Wbg	Ge	Gehrden
Wbg	Gm	Germete
Wbg	Gr	Großeneder
Wbg	Ha	Hampenhausen
Wbg	He	Helmern
Wbg	Hh	Herlinghausen
Wbg	Ho	Hohenwepel
Wbg	Ik	Ikenhausen
Wbg	Ka	Calenberg
Wbg	Kö	Körbecke
Wbg	Kü	Kühlsen
Wbg	Lö	Löwen
Wbg	Lü	Lütgeneder
Wbg	Me	Menne
Wbg	Mu	Muddenhagen
Wbg	Na	Natingen
Wbg	Nh	Neuenheerse
Wbg	Ni	Niesen
Wbg	Nö	Nörde
Wbg	Nz	Natzungen
Wbg	Os	Ossendorf
Wbg	Pe	Peckelsheim
Wbg	Ri	Rimbeck
Wbg	Rö	Rösebeck
Wbg	Sf	Scherfede
Wbg	Sh	Schweckhausen
Wbg	Si	Siddessen
Wbg	Ss	Siebenstern (Dringenberg)
Wbg	Wb	Warburg
Wbg	We	Welda
Wbg	Wg	Willegassen
Wbg	Wi	Willebadessen
Wbg	Wo	Wormeln
Wdf	Be	Beelen
Wdf	Bl	Beller (Harsewinkel)
Wdf	Br	Brock-Ostbevern → Mün Bb
Wdf	Bs	Beverstrang (Milte)
Wdf	Dm	Dackmar
Wdf	Ei	Einen
Wdf	Ev	Everswinkel
Wdf	Fr	Freckenhorst
Wdf	Fü	Füchtorf
Wdf	Gf	Greffen
Wdf	Gr	Gröblingen
Wdf	Ho	Hoetmar
Wdf	Hw	Harsewinkel
Wdf	Mf	Marienfeld
Wdf	Mi	Milte
Wdf	Mü	Müssingen (Everswinkel)
Wdf	Ob	Ostbevern
Wdf	Of	Ostenfelde
Wdf	Rh	Rheda (Harsewinkel)
Wdf	Sb	Sassenberg
Wdf	Sc	Schirl (Ostbevern)
Wdf	Ve	Velsen
Wdf	Vo	Vohren
Wdf	Wd	Warendorf
Wdf	Wk	Westkirchen
Wie	Al	Allerbeck (Langenberg)
Wie	Av	Avenwedde
Wie	Ba	Batenhorst
Wie	Bh	Bornholte
Wie	Bl	Blankenhagen (Gütersloh)
Wie	Bo	Bokel
Wie	Br	Brock (Herzebrock)
Wie	Dr	Druffel
Wie	Eh	Eckardtsheim
Wie	Em	Ems (Nordrheda)
Wie	Fr	Friedrichsdorf
Wie	Gr	Groppel (Herzebrock)
Wie	Gü	Gütersloh
Wie	Hb	Herzebrock
Wie	Hd	Heerde (Clarholz)
Wie	Ho	Schloß Holte (Liemke)
Wie	Kl	Clarholz
Wie	Ks	Kattenstroth (Gütersloh)
Wie	Kz	Kaunitz
Wie	Lb	Langenberg
Wie	Le	Lette
Wie	Li	Lintel
Wie	Lk	Liemke
Wie	Lt	Lippentrup (Langenberg)
Wie	Mh	Mastholte
Wie	Mö	Möse
Wie	Nh	Nordhorn (Gütersloh)
Wie	Nk	Neuenkirchen
Wie	Nr	Nordrheda (Rheda)
Wie	Öw	Oesterwiehe
Wie	Pa	Pavenstädt (Gütersloh)
Wie	Pi	Pixel (Herzebrock)
Wie	Qh	Quenhorn (Herzebrock)
Wie	Rb	Rietberg
Wie	Rh	Rheda
Wie	Rö	Röckinghausen (Batenhorst)
Wie	Sa	Samtholz
Wie	Se	Sende
Wie	Sh	Selhorst (Langenberg)
Wie	Sp	Spexard
Wie	Su	Sundern (Gütersloh)
Wie	Sv	St. Vit
Wie	Vl	Verl
Wie	Vs	Varensell
Wie	Wb	Wiedenbrück
Wie	Wh	Wulfhorst (Möse)
Wie	Ww	Westerwiehe
Wit	Bo	Bommern
Wit	He	Heven
Wit	Rh	Rüdinghausen
Wit	St	Stockum = Bch St
Wit	Wi	Witten
Wlg	Bh	Barkhausen
Wlg	Bo	Bohmte
Wlg	Br	Broxten
Wlg	Bx	Brockhausen
Wlg	Es	Bad Essen
Wlg	Ha	Haaren
Wlg	Hb	Hunteburg
Wlg	Hh	Herringhausen
Wlg	Hi	Hitzhausen
Wlg	Li	Lintorf
Wlg	Ln	Linne
Wlg	Lo	Lockhausen
Wlg	Me	Meyerhöfen
Wlg	Nw	Niewedde
Wlg	Oc	Ostercappeln = Osn Ok
Wlg	Ra	Rabber
Wlg	Sw	Schwagstorf
Wlg	Ve	Venne
Wlg	Wd	Wehrendorf
Wlg	We	Welplage (Hunteburg)
Wlg	Wi	Wimmer
Wol	Ah	Altenhasungen
Wol	Bh	Burghasungen
Wol	Eh	Ehlen
Wol	Er	Ehringen
Wol	Ip	Ippinghausen
Wol	Ne	Niederelsungen
Wol	Nf	Nothfelden
Wol	Nl	Niederlistingen
Wol	Oe	Oberelsungen
Wol	Öl	Ölshausen
Wol	Vb	Viesebeck
Wol	Vo	Volkmarsen
Wol	We	Wettesingen
Wol	Wh	Wenigenhasungen
Wol	Wo	Wolfhagen
Wtg	Lw	Langewiese
Wtg	Na	Neuastenberg
