Abkuerzung	Beschreibung
Aasen	Aasen, I., Norsk Ordbog med dansk Forklaring. Kristiania ⁴1918
Abeler	Abeler, J., Wörterbuch der Mundart von Ahlen, Kr. Beckum [Hs., um 1930. Oberschullehrer. Viele Wörter wohl aus der Heimatmundart Abelers, Elte, Kr. Steinfurt]
AbhNat	Abhandlungen aus dem Westfälischen Provinzial-Museum für Naturkunde. Jg. 7 ff.: Abhandlungen aus dem Landesmuseum der Provinz Westfalen, Museum für Naturkunde; Jg. 11: Abhandlungen aus dem Landesmuseum für Naturkunde der Provinz Westfalen. Jg. 1–11 Münster 1930–1940. Jg. 12 ff.: Abhandlungen aus dem Landesmuseum für Naturkunde zu Münster in Westfalen. Münster 1949 ff.
ADV	Atlas der Deutschen Volkskunde. Hrsg. von H. Harmjanz u. E. Röhr. 6. Lief. Leipzig 1937–1940. N. F. hrsg. v. M. Zender. Marburg 1958 ff.
AfdA	Anzeiger für deutsches Altertum und deutsche Literatur. Bd. 1 ff. Berlin 1876 ff.
AhdWb	Karg-Gasterstädt, Elisabeth, u. Th. Frings, Althochdeutsches Wörterbuch. Berlin 1952 ff.
ANF	Arkiv för Nordisk Filologi. Bd. 1–4 Christiania 1883 ff.; Bd. 5 ff. Lund (Leipzig, Kopenhagen) 1889 ff.
APhS	Acta Philologica Scandinavica. Tidsskrift for Nordisk Sprogforskning. Bd. 1ff. København 1926 ff.
Arens	Arens, J., Der Vokalismus der Mundarten im Kreise Olpe unter Zugrundelegung der Mundart von Elspe. Borna-Leipzig 1908 (Phil. Diss. Münster 1908)
Aust	Austrup, B. H., Mester Biärtlink. 'n Vertellsel in mönsterländsk Platt. Warendorf o. J.
Avé-L	Avé-Lallemant, F. Ch. B., Das deutsche Gaunerthum in seiner social-politischen, literarischen und linguistischen Ausbildung zu seinem heutigen Bestande. 4 Bde. Leipzig 1858–1862. Nachdruck Hildesheim 1967
Baader	Baader, Th., Historische Übersicht des osnabrückisch-tecklenburgischen Vokalismus. Münster 1920 (Phil. Diss. Münster 1913)
BaaderD	Baader, Th., Historische Übersicht des osnabrückisch-tecklenburgischen Vokalismus. Phil. Diss. Münster 1913 [Hs.] [Eine Kopie der Hs. im Archiv des Westfälischen Wörterbuches]
BaaderH	Baader, Th., Zur Dialectgeographie Westfalens. Mit 37 Sprachkarten. Habil.-Schrift Münster 1920 [Hs.] [Eine Kopie der Hs. im Archiv des Westfälischen Wörterbuches; ohne Karten]
BadWb	Ochs, E., Badisches Wörterbuch. Bd. 1 ff. Lahr (Schwarzwald) 1925 ff.
Bahlm	Bahlmann, P., Münsterische Lieder und Sprichwörter in plattdeutscher Sprache. Mit einer Einleitung über Münster's niederdeutsche Litteratur. Münster 1896
BauerC	Bauer, K., Waldeckisches Wörterbuch nebst Dialektproben, hrsg. v. H. Collitz. NordenLeipzig 1902 (Wörterbücher, hrsg. v. Verein f. niederdeutsche Sprachforschung, IV)
Beesterm	Beestermöller, A., Technische landwirtschaftliche Ausdrücke aus dem Kreise Lingen. Phil. Diss. Münster 1916 [Hs., Mundart von Beesten]
Beis	Beisenherz, H., Vokalismus der Mundart des nordöstlichen Landkreises Dortmund. BornaLeipzig 1907 (Phil. Diss. Münster 1907)
BeitrSchwelm	Beiträge zur Heimatkunde der Stadt Schwelm und ihrer Umgebung. N. F. H. 1 ff. Schwelm 1951 ff.
BerBie	Bericht des Naturwissenschaftlichen Vereins für Bielefeld und Umgebung. Bd. 1 ff. Bielefeld 1908 ff.
Berger	Berger, A., Niederdeutsche technische Ausdrücke aus der Handwerkersprache des Kreises Lingen. Borna-Leipzig 1907 (Phil. Diss. Münster 1907) [Mundart von Plantlünne]
Bergsma	Bergsma, J., Woordenboek, bevattende Drentsche woorden en spreekwijzen. Groningen 1906 [Von A – giebe; fortgesetzt bis haovergeurt in DriemBl 22 (1927/29) Lief. 2, 4–72; 23 (1930/31) Lief. 1, 18–31]
Beule	Beule, A., Biärgwind. Gedichte un Geschichten iut dem Suerlanne. Bigge 1922 (Suerlänske Baikelkes) [Mundart von Ramsbeck, Kr. Meschede]
Bexte	Bexte, F. J., Die Wannenmacherei in Emsdetten. Prüfungsarbeit der Pädagogischen Akademie in Emsdetten [jetzt: Pädagogische Hochschule Münster I] 1949
Birk	Birkenhauer, J., Die Mundarten im Osten des Herzogtums Westfalen (die heutigen Kreise Brilon und Meschede umfassend). Phil. Diss. Münster 1921 [Hs.]
Bles	Blesken, A., Erinnerungen eines Achtzigjährigen. Beiträge zur Volkskunde der Soester Börde. Soest 1954 (Soester wiss. Beiträge, 8)
Bleumer	Bleumer, H., Up mien Besseva sienen Hof. Papenburg o. J. [Mundart der Niedergrafschaft Bentheim]
DeBo	De Bo, L.-L., Westvlaamsch Idioticon. Hrsg. d. J. Samyn. Gent 1892
Boekenoogen	Boekenoogen, G. J., De Zaansche volkstaal. Bijdrage tot de kennis van den woordenschat in Noord-Holland. Leiden o. J.
Böger	Böger, R., Die Schwalenbergische Mundart. NdJb 32 (1906) 140–168 [Wörterverzeichnis aus Kollerbeck, Kr. Höxter]
Böning	Böning, H., Plattdeutsches Wörterbuch für das Oldenburger Land. Oldenburg 1941 (Oldenburger Forschungen, 7) [Anhang, S. 136–153: II. Süd-Oldenburg. Wörter, die in Nordoldenburg fehlen oder anders lauten.]
Borch	Borchert, H., Dialektgeographie des südlichen Emslandes (Kr. Lingen und Kr. Steinfurt). Phil. Diss. Marburg 1955 [Masch.-Schrift]
Börsch	Börsch, J., Min Draulzen. Mundartliches aus Südsauerland. Drolshagen 1917 [Mundart von Drolshagen]
Bosch	Bosch, L., Beknopt Heerder woordenboek. Huizen (N. H.) [1949]
BoSt	Borkener Stadtgeschichte durch sieben Jahrhunderte hindurch. 1226–1926. Borken 1926
BoswT	Bosworth, J., An Anglo-Saxon Dictionary, edited and enlarged by T. Northcote Toller. Oxford 1898. Neudrucke 1929, 1954. Supplement by T. Northcote Toller. Oxford 1921. Neudruck 1955
Brägelm	Brägelmann, F., Vandevörn. Plattdeutsche Erzählungen aus dem Oldenburger Münsterlande und der nächsten Umgegend. Südlohne 1929
BremWb	Versuch eines bremisch-niedersächsischen Wörterbuchs ... 5 Bde. Bremen 1767–1771
Brep	Brepohl, W., Bäuerliche  Heilkunde in einem Dorfe des Mindener Landes um die Jahrhundertwende.  Ein Beitrag zur Volkskunde von Minden-Ravensberg. Mindener Jahrbuch N. F. H. 2, 1950
Brinkm	Brinkmann, O., Das Erzählen in einer Dorfgemeinschaft. Münster 1933 (Veröff. d. Volkskundlichen Kommission d. Provinzialinstituts f. westf. Landes- u. Volkskunde. 1. Reihe, hrsg. v. J. Schwietering, H. 4) [B. aus Obernbeck, Kr. Herford]
Bröcher	Bröcher, J., Die Sprache des Schmiedehandwerkes im Kreise Olpe auf Grund der Mundart von Rhonard. Berlin 1907 (Phil. Diss. Münster 1907)
Brök	Bröking, Magdalene, Studien zur westfälischen Dialektgeographie im Kreise Schwelm. Phil. Diss. Bonn 1924 [Masch.-Schrift]
Brunk	Brunk, A., Osnabrücker Rätselbüchlein. Osnabrück 1910
BügH	Bügener, H., Heidegold. Münsterländische Sagen aus dem Kreise Steinfurt und dessen Randgebieten. Münster 1929
BügM	Bügener, H., Münsterländische Grenzland-Sagen. Vreden [1926]
Büld	Büld, H., Volk und Sprache im nördlichen Westfalen. Westfälische Ortschaften im Spiegel ihrer Sprache. Münster 1939
Cornelissen	Cornelissen, (P.) J., Idioticon van het Antwerpsch dialect. Bijvoegsel. 3 Bde. Turnhout 1936–1938
CornelissenV	Cornelissen, P. J., en J.-B. Vervliet, Idioticon van het Antwerpsch dialect (Stad Antwerpen en Antwerpsche Kempen). Met aanhangsel. 3 Bde. Gent 1899–1906
Crecelius	Crecelius, W., Oberhessisches Wörterbuch. Darmstadt 1897–1899
Dähnert	Dähnert, J. C., Platt-Deutsches Wörter-Buch nach der alten und neuen Pommerschen und Rügischen Mundart. Stralsund 1781. Nachdruck Wiesbaden 1963
Damköhler	Damköhler, E., Nordharzer Wörterbuch. Auf Grundlage der Cattenstedter Mundart. Wernigerode 1927 (Forschungen zur Geschichte des Harzgebietes, IV)
Danneil	Danneil, J., Wörterbuch der altmärkisch-plattdeutschen Mundart. Salzwedel 1859
Deiter	Deiter, H., Kurzes Wörterverzeichnis der plattdeutschen Mundart von Hastenbeck nebst plattdeutschen Redensarten. Hannoversche Geschichtsblätter 22 (1919) 113–164; Nachtrag zum Wörterverzeichnisse der Mundarten von Hastenbeck. Ebd. 24 (1921) 29–70
Dijkstra	Dijkstra, W., Friesch woordenboek (Lexicon Frisicum). 3 Bde. Leeuwarden 1900–1911
Doornkaat	Doornkaat Koolman, J. ten, Wörterbuch der ostfriesischen Sprache, etymologisch bearb. 3 Bde. Norden 1879–1884
Dorren	Dorren, Th., Woordenlijst uit het Valkenburgsch plat. Met etymologische en andere aanteekeningen. o. O. ²1928
Draaijer	Draaijer, W., Woordenboekje van het Deventersch dialect. 's-Gravenhage 1896
DriemBl	Driemaandelijkse bladen. Tijdschrift voor taal en volksleven in het oosten van Nederland. Jg. 1 ff. Utrecht 1901 ff.; Jg. 11 ff. Uithuizen 1911 ff.; N. S. Bd. 1–8 Zwolle 1949–1956; Bd. 9 ff. Zuidlaren 1957 ff.
DRWb	Deutsches Rechtswörterbuch. Wörterbuch der älteren deutschen Rechtssprache. Hrsg. v. d. Preußischen Akademie der Wissenschaften. Bd. 1 ff. Weimar 1914 ff.
DSA	Deutscher Sprachatlas auf Grund des Sprachatlas des Deutschen Reiches v. G. Wenker, beg. v. F. Wrede, fortges. v. W. Mitzka u. B. Martin. Marburg (Lahn) 1927–1956
DSt	Danske Studier. Bd. 1 ff. København 1904 ff.
DWA	Deutscher Wortatlas, hrsg. v. W. Mitzka u. L. E. Schmitt. Bd. 1 ff. Gießen 1951 ff.
DWb	Deutsches Wörterbuch, begr. v. J. Grimm u. W. Grimm. Leipzig 1854–1960
Echt	Echterling, J. B. H., Eigenthümliche wörter der plattdeutschen sprache im fürstenthum Lippe. Frommann VI (1859) 49–60, 207–218, 351–368, 477–494
EDD	Wright, J., The English Dialect Dictionary. 6 Bde. London 1898–1905
Eggert	Eggert, B., Vergleichende Dialektgeographie des Gebietes der Beckumer Berge und der Soester Börde. Phil. Diss. Münster [1921; Hs.]
Eing	Eing, H., Verzeichnis vorwiegend hamaländischer Wörter [Hs.; Das Hamaland ist das Grenzgebiet der Kreise Ahaus, Borken, Coesfeld in Richtung auf Holland.]
Endepols	Endepols, H. J. E., Woordenboek of diksjenaer van 't Mestreechs. Maastricht 1955
FalkTorp	Falk, H. S., u. A. Torp, Norwegisch-Dänisches etymologisches Wörterbuch. Heidelberg ²1960
FBil	Festbuch zur Siebenjahrhundertfeier der Schloßfreiheit u. Herrschaft Bilstein – Westfalen 1925, hrsg. v. A. Kleffmann. Dortmund [1925]
Feilberg	Feilberg, H. F., Bidrag til en ordbog over jyske almuesmål. 4 Bde. København 1886–1914
FEW	Wartburg, W. von, Französisches Etymologisches Wörterbuch. Eine darstellung des galloromanischen sprachschatzes. Bd. I, II, 1 u. III Nachdruck Tübingen 1948–49, Bd. II, 2 u. IV ff. Basel 1946 ff.
Firmenich	Firmenich, J. M. [Hrsg.], Germaniens Völkerstimmen. Sammlung der deutschen Mundarten in Dichtungen, Sagen, Märchen, Volksliedern u. s. w. 3 Bde. Berlin o. J. [Vorrede d. 3. Bd.s 1854]
Flemes	Flemes, Ch., Plattdeutsches Wörterbuch der Kalenberg-Stadt-Hannoverschen plattdeutschen Mundart nebst einem Anhange plattd. Sprüche und Redensarten. Hannoversche Geschichtsblätter 20 (1917) 321–391; Nachtrag zum Plattdeutschen Wörterbuche. Ebd. 22 (1919) 91–112; Zweiter Nachtrag zu meinem Plattdeutschen Wörterbuche der Kalenberg-Stadt-Hannoverschen Mundart. Ebd. 23 (1920) 85–116
FoeNl	Foerste, W., Der Einfluß des Niederländischen auf den Wortschatz der jüngeren niederdeutschen Mundarten Ostfrieslands. Hamburg 1938 (Forschungen, hrsg. v. C. Borchling, O. Mensing, H. Teske. N. F. Reihe A, VIII)
FoeWestf	Foerste, W., Der wortgeographische Aufbau des Westfälischen, in: Der Raum Westfalen, Bd. IV, Wesenszüge seiner Kultur, 1. Teil, Münster 1958, S. 3–117
Franck	Franck, J., Etymologisch woordenboek der Nederlandsche taal. Tweede druk d. N. van
VanWijk	Wijk. 's-Gravenhage 1912. Supplement d. C. B. van Haeringen. 's-Gravenhage 1936. Nachdruck 's-Gravenhage 1949
Frebel	Frebel, P., Die Mundarten des westlichen Sauerlandes, Marburg 1956. Auch unter dem Titel Die Mundarten des westlichen Sauerlandes zwischen Ebbegebirge und Arnsberger Wald. Marburg 1957 (Deutsche Dialektgeographie, 45)
Fred	Frederking, Ch., Plattdeutsches Dorfwörterbuch des Dorfes Hahlen bei Minden in Westfalen. Wortschatz, Spruchweisheit, Volkskunde. Bielefeld-Leipzig [1939]
Frommann	Die deutschen Mundarten, begr. v. J. A. Pangkofer, fortges. v. G. K. Frommann. Bd. I–IV Nürnberg 1854–1857, V–VI Nördlingen 1858–59, VII (N. F. I) Halle 1877
Gallée	Gallée, J. H., Woordenboek van het Geldersch-Overijselsch dialect. 's-Gravenhage 1895
Ghijsen	Ghijsen, H. C. M., Woordenboek der Zeeuwse dialecten. Den Haag o. J. [Nachwort 1964]
GlaBl	Gladbecker Blätter für Orts- und Heimatkunde. Monatsbeilage der Gladbecker Zeitung. Jg. 1 ff. Gladbeck 1912 ff.; Jg. 22 ff.: Gladbecker Blätter für Orts- und Heimatkunde, hrsg. im Auftr. d. Ver. f. Orts- u. Heimatkunde. Gladbeck 1936 ff.
Glaen	Glaen, K., Das Bild des Menschen in der Sprache von Dahl. Phil. Diss. Münster 1938 [Masch.-Schrift]
Göhner	Göhner, A., Plattdeutsche Wörter, Ausdrücke und Redensarten aus Gohfeld, Kr. Herford, insbesondere aus dem Ortsteil Im Buchholz [Gesammelt 1920–1958. Ms. im Archiv des Westfälischen Wörterbuches]
Greg	Gregory, O., Flächengrammatik des Gebietes von Plettenberg in Westfalen. Gießen 1934 (Gießener Beiträge zur deutschen Philologie, hrsg. v. O. Behaghel u. A. Götze, 35)
GriBat	Grimme, F. W., Bat us de Strunzerdähler hinnerläit. Vertellekes un Läier. 2. Aufl. Paderborn o. J.
GriG	Grimme, F. W., Schwänke und Gedichte in sauerländischer Mundart. 11. Aufl. Paderborn o. J.
GriGal	Grimme, F. W., Galantryi-Waar'. Schwänke und Gedichte in sauerländischer Mundart. 4. Aufl. Paderborn o. J.
GriGT	Grimme, F. W., Grain Tuig. Schwänke und Gedichte in sauerländischer Mundart. 7. Aufl. Paderborn o. J.
GriH	Grimme, F. W., Ümmer op de olle Hacke. Lustspiel in sauerländischer Mundart. Paderborn ³1890
GriJaust	Grimme, F. W., Jaust un Durtel oder de Kiärmissengank. Lustspiel in sauerländischer Mundart in fünf Handlungen. 3. Aufl. Paderborn o. J.
GriLa	Grimme, F. W., Lank un twiäß düär 't Land. Vertallt un geluagen in Surländsk Platt. Münster-Paderborn 1885
GrimmeH	Grimme, H., Plattdeutsche Mundarten. Berlin-Leipzig ²1922 (Sammlung Göschen, 461) [Behandelt aus Westfalen Assinghausen, Kr. Brilon, u. Ostbevern, Kr. Warendorf]
GRM	Germanisch-Romanische Monatsschrift. Bd. 1 ff. Heidelberg 1909 ff.
Grupe	Grupe, H., Dat Blüsenbook. Osnabrück 1926 [G. stammt aus Wellingen, Kr. Osnabrück]
Hagem	Hagemann, G., Bäuerliche Gemeinschaftskultur in Nordravensberg. Münster 1931 (Veröff. d. Volkskundlichen Kommission d. Provinzialinstituts f. westf. Landes- u. Volkskunde. 1. Reihe, hrsg. v. J. Schwietering, H. 2)
Halbach	Halbach, G. H., Bergischer Sprachschatz. Volkskundliches plattdeutsches Remscheider Wörterbuch. Remscheid 1951
Halbertsma	Halbertsma, J. H., Woordenboekje van het Overijselsch. Proeve, in: Overijsselsche almanak voor oudheid en letteren, 1836. Deventer 1835
HamWb	Hamburgisches Wörterbuch. Auf Grund d. Vorarbeiten v. Ch. Walther u. Agathe Lasch hrsg. v. H. Kuhn u. U. Pretzel, bearb. v. Käthe Scheel. Neumünster 1956 ff.
Hansen	Eine Wörtersammlung zur lippischen Mundart von W. Hansen [Zettelsammlung]
HarHP	Hartwig, H., Haller Platt aus Land und Stadt. Von den Mundarten des Kreises und der Stadt Halle. Mit zahlreichen Deunkens und Votellseln. Halle 1952
HarKd	Hartwig, H., Kinnste düsse? 111 lustige plattdeutsche Votellsel nebst mancherlei Ernsthaftem über unsere niederdeutschen Mundarten. Bielefeld 1954 (Bielefelder Beiträge z. Volks- u. Heimatkunde, 2)
HarT	Hartwig, H., Plattdeutsche Tier- und Pflanzennamen aus Minden-Ravensberg. Teil I, Die Insektennamen. Teil II, 1. u. 2. Hälfte, Die Vogelnamen (Jahresberichte d. Hist. Ver. f. d. Grafschaft Ravensberg 1926, 1928, 1932)
HblC	Heimatblätter für Castrop und Umgegend. Monatsschrift des Vereins Heimatpflege. Jg. 1 ff. Castrop 1922 ff.
HblI	Heimatblätter. Monatsschrift für das niederrheinisch-westfälische Land, besonders für das Industriegebiet. Jg. 1 Essen 1919/20; Jg. 2 Dortmund 1920/21; Jg. 3: Heimatblätter. Monatsschrift für Land, Volk und Kunst in Westfalen und am Niederrhein. Dortmund 1921/22; Jg. 4 ff.: Die Heimat, Dortmund 1922 ff. [s. u. Heimat]
HblO	Heimatblätter. Zeitschrift der Heimatvereine des Kreises Olpe. Jg. 1 ff. Olpe 1922 ff.; Jg. 7 ff.: Heimatblätter für das obere Sauerland. Zeitschrift für die Heimatvereine in den Kreisen Olpe und Meschede. Olpe 1930 ff.; Jg. 13 ff.: Heimatblätter für den Kreis Olpe. Olpe 1936 ff.
HblRE	Heimatblätter der Roten Erde. Monatshefte, hrsg. f. d. Westfälischen Heimatbund v. F. Castelle u. K. Wagenfeld. Jg. 1–5 Münster 1919–1926
HDA	Handwörterbuch des deutschen Aberglaubens,  hrsg. unter bes. Mitwirkung v. E. Hoffmann-Krayer u. Mitarbeit  zahlreicher Fachgenossen v. Hanns Bächtold-Stäubli. 10 Bde.  Berlin-Leipzig 1927–1942.
Hegi	Hegi, G., Illustrierte Flora von Mitteleuropa. Mit besonderer Berücksichtigung von Deutschland, Österreich und der Schweiz. 7 Bde. in 13 Teilen. München [1906–1931]
Heierm	Heiermeier, B., Die landwirtschaftlichen Fachausdrücke Westfalens auf Grund der Mundart des Kreises Wiedenbrück. Bielefeld 1914 (Phil. Diss. Münster  1914). Auch im 28. Jahresbericht d. Hist. Ver. f. d. Grafschaft  Ravensberg, Bielefeld 1914, S. 39–96 [H. *1888 in Mastholte, Kr. Wiedenbrück]
Heimat	Die Heimat. Monatsschrift für Land, Volk und Kunst in Westfalen und am Niederrhein. Zeitschrift des Westfälischen Heimatbundes. Jg. 4–11 Dortmund 1922–1929; Jg. 12 ff.: Die westfälische Heimat. Monatsschrift ... in Westfalen und seinen Nachbargebieten ... Dortmund 1930 ff. Begr. als Heimatblätter. Jg. 1–3, 1919–1922 [s. u. HblI]
Heimwacht	s. Trutznachtigall
Helb	Helberg, H., Studien zur Dialektgeographie im Ruhrgebiet und im Vest Recklinghausen. Marburg 1936 (Deutsche Dialektgeographie, 37)
Hellquist	Hellquist, E., Svensk etymologisk ordbok. 2 Bde. Lund ³1948
HEms	Die Heimat. Zwanglose Blätter des Heimatbundes Emsdetten. Jg. 1 ff. Emsdetten 1919 ff.; Jg. 7 ff. als Beilage zur Emsdettener Volkszeitung. Emsdetten 1929 ff.; Jg. 18 ff.: Emsdettener Heimatblätter, hrsg. v. Heimatbund Emsdetten. Emsdetten 1950 ff.
Henßen	Henßen, G., Volk erzählt. Münsterländische Sagen, Märchen und Schwänke. Münster ²1954.
Herdem	Herdemann, F., Versuch einer Lautlehre der westmünsterländischen Mundart. Phil. Diss. Münster 1921 [Hs.]. Auszug unter demselben Titel Leipzig 1925
Herk	Herkenhoff, H., Anhang von Wörtern, die sich nicht bei Woeste und Klöntrup finden. [Einem von H. 1920 gemachten Auszug aus Klön beigefügt; Hs., im Archiv des Westfälischen Wörterbuches]
Heukels	Heukels, H., Woordenboek der Nederlandsche volksnamen van planten. Uitgave der Nederlandsche Naturhistorische Vereeniging. o. O. 1907
HNWb	Berthold, Luise, Hessen-Nassauisches Volkswörterbuch. Bd. 2 ff. Marburg 1943 ff.
Hoffm	Hoffmann, E., Die Vokale der lippischen Mundart. Hannover 1887
Höfler	Höfler, M., Deutsches Krankheitsnamen-Buch. München 1899
Holthaus	Holthaus, P. H., Materialien zu einer Schrift, betitelt: Süd-Westfälisches Wörterbuch ... [Hs. aus dem Anfang des 19. Jh.s im Archiv des Westfälischen Wörterbuches. H. *1759 bei Breckerfeld, Ennepe-Ruhr-Kreis; seit 1789 Conrektor in Schwelm; ^+ 1831]
HolthSos	Holthausen, F., Die Soester Mundart. Laut- und Formenlehre nebst Texten. Norden-Leipzig 1886 (Forschungen, hrsg. v. Ver. f. Niederdeutsche Sprachforschung, 1)
Holtm	Holtmann, K., Plattdütske Fierdaoge. Lingen 1924
Honc	Honcamp, F. C., Sprichwörter und sprichwörtliche Redeformen des westfälischen Volkes [Hs. i. d. Univ.-Bibl. Greifswald. H. *1805 in Welwer b. Soest; 1822–1824 Lehrerseminar Soest; seit 1825 in Büren; ^+ 1866. In der Einleitung dankt H. dem Seminarlehrer Dahlhof in Soest und dem Lehrer Lösebrink in Bönen, die zu der Sammlung einen bedeutenden Beitrag geliefert haben.]
Hüffer	Hüffer, Adelheid, Volksmedizin in Westfalen. Med. Diss. Münster 1945 [Masch.-Schrift]
Hunold	Hunold, J. F., Mein Patterböarner Platt. Stalen van Reimels un Vertällekes in Spaß un Äerns. Paderborn 1928
Huntem	Huntemann, J., Die plattdeutschen Namen unserer Kulturgewächse und der wildwachsenden Pflanzenarten. Oldenburg ²1931
IF	Indogermanische Forschungen. Zeitschrift für indogermanische Sprach- und Altertumskunde. Bd. 44 (1927) ff.: Indogermanische Forschungen. Zeitschrift für Indogermanistik und allgemeine Sprachwissenschaft. Bd. 1 ff. Straßburg 1892 ff.; Bd. 38 ff. Berlin-Leipzig 1917 ff.; Bd. 56 ff. Berlin 1938 ff.
JbEmsl	Jahrbuch des Emsländischen Heimatvereins. Bd. 1 ff. Meppen 1953 ff.; Bd. 11 ff. Lingen 1964 ff.
JberWWK	Jahres-Bericht des Westfälischen Provinzial-Vereins für Wissenschaft und Kunst. 1–51/52 (1872–1922/24) Münster [1873–1925]
Jell	Jellinghaus, H., Westfälische Grammatik. Die Laute und Flexionen der Ravensbergischen Mundart mit einem Wörterbuche. Bremen 1877
Jensen	Jensen, P., Wörterbuch der nordfriesischen Sprache der Wiedingharde. Neumünster 1927
Jostes	Jostes, F., Westfälisches Trachtenbuch. Die jetzigen und ehemaligen westfälischen und schaumburgischen Gebiete umfassend. Bielefeld-Berlin-Leipzig 1904. Zweite Auflage bearb. u. erw. v. Martha Bringemeier, Westfälisches Trachtenbuch. Volksleben und Volkskultur in Westfalen. Die jetzigen und ehemaligen westfälischen und schaumburgischen Gebiete umfassend. Münster 1961
Kanstein	Wörter- und Sprichwörtersammlung aus der Gegend von Kanstein, Kr. Brilon, aus dem Anfang des 19. Jahrhunderts [Hs.; A–K im Archiv des Westfälischen Wörterbuches]
Kathol	Kathol, W. (Baßmes Willem), Bassmes Hof. Sauerländisches Bauernleben vor hundert Jahren. Meschede 1938
KaumL	Kaumann, J., Entwurf einer Laut- und Flexionslehre der münsterischen Mundart in ihrem gegenwärtigen Zustande. Phil. Diss. 1. Teil, Lautlehre. Münster 1884
KaumW	Kaumann, J., Wörtersammlung aus dem Münsterlande [Hs.; im Archiv des Westfälischen Wörterbuches. Geheimrat K. ^+ 1941]
Kehrein	Kehrein, J., Volkssprache und Volkssitte im Herzogthum Nassau. Ein Beitrag zu deren Kenntniß. 1. Abt., Volkssprache. Laut-, Wort-, Satzlehre. Weilburg 1862
Kleinn	Kleinn, Klementine, Volk und Sprache zwischen Egge und Weser. Phil. Diss. Münster 1942 [Hs.]
Klön	Rosemann, Johan Gilges, genannt Klöntrup, Niederdeutsch-Westphälisches Wörterbuch. [Vorwort v. 1824] [Hs. im Besitz des Ratsgymnasiums zu Osnabrück] Buchstabe A zum Abdruck gebracht von F. Runge, Osnabrück 1890  (Festschrift zur Begrüßung d. Ver. f. niederdeutsche Sprachforschung bei  seiner Pfingsten 1890 in Osnabrück stattfindenden Jahresversammlung)
KlönA	Anonymus. Eintragungen fremder Hand im Wörterbuch von Klön
KlönRa	Randbemerkungen in anderer Handschrift im Wörterbuch von Klön
Kluge	Kluge, F., Etymologisches Wörterbuch der deutschen Sprache. 20. Aufl. bearb. v. W. Mitzka. Berlin 1967
KlugeR	Kluge, F., Rotwelsch. Quellen und Wortschatz der Gaunersprache und der verwandten Geheimsprachen. Bd. 1, Rotwelsches Quellenbuch. Straßburg 1901
KlugeS	Kluge, F. [Hrsg.], Seemannssprache. Wortgeschichtliches Handbuch deutscher Schifferausdrücke älterer und neuerer Zeit. Halle 1911
Knoche	Knoche, R., Niu lustert mol! Plattdeutsche Schwänke und Geschichten. Auswahl, hrsg. v. F. Wippermann. Paderborn ²1959
Koch	Koch, K., Flora des Regierungsbezirkes Osnabrück und der benachbarten Gebiete. Osnabrück 1934
Köppen	Köppen, H., Verzeichniss der Idiotismen in plattdeutscher Mundart, volksthümlich in Dortmund und dessen Umgegend. Veröff. v. seinen Freunden u. Verehrern. Als Manuscript gedruckt. Dortmund 1877
KösterB	Köster, B., Bur, holl faste, wat du häst! Lingen a. d. Ems 1926 [Mundart d. Kr. Lingen. K. war Pfarrer in Glandorf, Kr. Osnabrück; *1869 in Lahn, Kr. Aschendorf; ^+ 1944 in Iburg, Kr. Osnabrück]
KösterJK	Köster, B., Jan Kardel un siene Bande. Lingen a. d. Ems 1926 [Mundart des Hümmlings. Vgl. Bemerkungen zu KösterB]
Krogmann	Krogmann, W., Helgoländer Wörterbuch. Wiesbaden 1957 ff.
KrüHS	Krüger, F., Hempelmann's Smiede. Ein westfälischer Roman aus der guten alten Zeit in münsterländisch-niederdeutscher Sprache. Bd. 1 Leipzig 1893, Bd. 2 u. 3 Leipzig 1894 [K. *1843 in Beckum, Kr. Beckum]
KrüI	Krüger, F., Iärwschaden. Dortmund [1925] [K. *1843 in Beckum, Kr. Beckum]
KrüRW	Krüger, F., Rugge Wiäge. Aus dem westfälischen Bauernleben in niederdeutscher Sprache erzählt. Leipzig ³1891 (Bibliothek niederdeutscher Werke, 7) [K. *1843 in Beckum, Kr. Beckum]
Kück	Kück, E., Lüneburger Wörterbuch. Wortschatz der Lüneburger Heide und ihrer Randgebiete. Seit 1900 zus. mit vielen Mitarbeitern gesammelt u. sprachwiss. sowie volkskundlich erläutert. Bd. 1 ff. Neumünster 1942 ff.
Kuhn	Kuhn, A., Sagen, Gebräuche und Märchen aus Westfalen und einigen andern, besonders den angrenzenden Gegenden Norddeutschlands. 1. Teil, Sagen; 2. Teil, Gebräuche und Märchen. Leipzig 1859
Küpper	Küpper, H., Wörterbuch der deutschen Umgangssprache. Bd. I, 3. neubearb. u. erw. Aufl. Hamburg 1963. Bd. II, 10 000 neue Ausdrücke von A–Z. Hamburg 1963. Bd. III, Hochdeutsch-Umgangsdeutsch. Gesamtstichwortverzeichnis. Hamburg 1964. Bd. IV, Berufsschelten und Verwandtes. Hamburg 1966
Kurath-Kuhn	Kurath, H., u. S. M. Kuhn, Middle English Dictionary. Michigan U. S. A.-London 1954 ff.
KZ	Zeitschrift für vergleichende Sprachforschung auf dem Gebiete der indogermanischen Sprachen, begr. v. A. Kuhn als Zeitschrift für vergleichende Sprachforschung auf dem Gebiete des Deutschen, Griechischen und Lateinischen. Bd. 1 ff. Berlin 1852 ff.; Bd. 28 ff. Gütersloh 1887 ff.; Bd. 41 ff. Göttingen 1908 ff.
TerLaan	Ter Laan, K., Nieuw Groninger woordenboek. Groningen-Djakarta ²1952
LandoisFE	Landois, H., Frans Essink sien Liäwen un Driewen äs aolt Mönstersk Kind. Komischer Roman in 6 Abt. 1, Bi Liäwtieden. Leipzig ¹⁰1905. 2, Nao sienen Daud. ¹⁰1921. 3, Up de Tuckesburg. ²1901. 4, Up de Seelenwanderung. ²1909. 5, Prof. Dr. H. Landois. 1900 (Illustr. Bibliothek niederdeutscher Klassiker, 1–5)
LandoisT	Landois, H., Westfalens Tierleben in Wort und Bild. 3 Bde. Paderborn 1883–1886
LeuvBijdr	Leuvensche Bijdragen op het gebied van de germaansche philologie en in 't bijzonder van de Nederlandsche dialectkunde. Jg. 1 ff. (Antwerpen, Leipzig) 's-Gravenhage 1896 ff.; Jg. 13 ff. 1921 ff.: Leuvensche Bijdragen. Tijdschrift voor Moderne Philologie; Jg. 46 ff. 1956/57 ff.: Leuvense Bijdragen ... Filologie
Lexer	Lexer, M., Mittelhochdeutsches  Handwörterbuch. Zugleich als Supplement und alphabetischer Index zum  Mittelhochdeutschen Wörterbuche von Benecke-Müller-Zarncke. 3 Bde. Leipzig 1872–1878
Lingen	Der Kreis Lingen, hrsg. v. Lehrerverein d. Diözese Osnabrück. Lingen 1905 (Beitr. z. Heimatkunde d. Regierungsbezirks Osnabrück, 1)
Loeffler	Loeffler, N., Flora von Rheine. Programm des Gymnasiums Rheine. Rheine 1904
Lüss	Lüssenhop, H., Historische Dialektgeographie im Gebiete der früheren Grafschaften Hoya und Diepholz. Phil. Diss. Marburg 1922 [Hs.]
Lyra	Lyra, F. W., Plattdeutsche Briefe, Erzählungen und Gedichte mit besonderer Rücksicht auf Sprichwörter und eigenthümliche Redensarten des Landvolks in Westphalen. Osnabrück ²1856
MagNW	Neues Westphälisches Magazin zur Geographie, Historie und Statistik, hrsg. v. P. F. Weddigen. 3 Bde. Bd. 1 Bückeburg 1789; Bd. 2 Leipzig-Lemgo-Berlin-Bielefeld 1790; Bd. 3 Lemgo-Leipzig-Berlin-Bielefeld 1792
MagW	Westphälisches Magazin zur Geographie, Historie und Statistik, hrsg. v. P. F. Weddigen. 4 Bde. Bd. 1 Dessau-Leipzig 1784; Bd. 2 Bielefeld 1786; Bd. 3 u. 4 Bückeburg 1787, 1788
Märker	Der Märker. Heimatblatt für den Bereich der ehemaligen Grafschaft Mark. Monatsschrift. Jg. 1 u. 2 Plettenberg 1951–1953; Jg. 3 ff. Altena 1954 ff.
MartinD	Martin, B., Studien zur Dialektgeographie des Fürstentums Waldeck und des nördlichen Teils des Kreises Frankenberg. Marburg 1925 (Deutsche Dialektgeographie, 15)
MartinDM	Martin, B., Deutsche Mundarten. Berlin 1942 (Arbeiten a. d. Institut f. Lautforschung an der Universität Berlin, 10)
MartinL	Martin, E., u. H. Lienhart, Wörterbuch der elsässischen Mundarten. 2 Bde. Straßburg 1897, 1907
Marzell	Marzell, H., Wörterbuch der deutschen Pflanzennamen. Unter Mitwirkung v. W. Wissmann. Bd. 1 ff. Leipzig 1943 ff.
MecklWb	Wossidlo, R., u. H. Teuchert, Mecklenburgisches Wörterbuch. Bd. 1 Neumünster 1942; Bd. 2 ff.: aus d. Sammlungen R. Wossidlos u. aus eigenen Ergänzungen bearb. u. hrsg. v. H. Teuchert. Berlin-Neumünster 1957 ff.
Medebach	Grosche, A., 800 Jahre Stadt Medebach. Gedruckt im Auftr. d. Verwaltung d. Stadt Medebach v. Westfalendruck [Dortmund 1951]
Meier	Meier, E., Beiträge zur Kenntnis des Niederdeutschen. Gewerksausdrücke des Schlachters in Westfalen mit besonderer Berücksichtigung Ravensbergs. Münster 1914 (Phil. Diss. Münster 1914). Auch im 29. Jahresbericht d. Hist. Ver. f. d. Grafschaft Ravensberg, Bielefeld 1915, S. 1–69
Merten	Merten (Määrtens), G., u. E. Stratmann (Straotüms), Rirrepärlen. Gedichte un Beller un süßß no lükk. Münster [1951]
Meyer	Meyer, E. H. W., Ein Niedersächsisches Dorf am Ende des 19. Jahrhunderts. Eine volkskundliche Untersuchung. Bielefeld [1927] (Sonderveröffentlichungen d. Hist. Ver. f. d. Grafschaft Ravensberg, 1)
MhdWb	Müller, W., u. F. Zarncke, Mittelhochdeutsches Wörterbuch, unter Benutzung des Nachlasses v. G. F. Benecke. 3 Bde. Leipzig 1854–1861. Nachdruck Hildesheim 1963
MinHbl	Mindener Heimatblätter. Beilage der Mindener Zeitung. Jg. 1 ff. Minden 1923 ff.; Jg. 14 ff. 1936 ff.: Beilage der Westfälischen Neuesten Nachrichten; Jg. 22 ff.: Mindener Heimatblätter. Mitt.bl. d. Mindener Geschichts- u. Museumsvereins. Minden 1949 ff.; Jg. 37 ff.: Mitteilungen des Mindener Geschichts- und Museumsvereins. Minden 1965 ff.
MinRa	Schoneweg, E. [Hrsg.], Minden-Ravensberg. Ein Heimatbuch. Bielefeld-Leipzig 1929
Misgeld	Misgeld, H., Aolt-Riackelkusen. Stadt un Land. Skizzen aus dem Leben einer alten Stadt in Recklinghäuser Platt. Berlin o. J.
MittHg	Mittheilungen des Vereins für Geschichte und Alterthumskunde des Hasegaues. H. 1 ff. Ankum, (später) Lingen 1887 ff.
MittLipp	Mitteilungen aus der lippischen Geschichte und Landeskunde. Hrsg. v. Naturwiss. Ver. in Detmold. Bd. 1 ff. Detmold 1903 ff.; Bd. 22 ff.: Lippische Mitteilungen aus Geschichte und Landeskunde. Detmold 1957 ff.
MitzkaA	Mitzka, W., Der Ahorn. Untersuchungen zum Deutschen Wortatlas. Gießen 1950 (Gießener Beiträge zur deutschen Philologie, 91)
MndHwb	Lasch, Agathe, u. C. Borchling, Mittelniederdeutsches Handwörterbuch. Fortgef. v. G. Cordes. Bd. 1 ff. Neumünster 1956 ff.
MnlWb	Verwijs, E., u. J. Verdam, Middelnederlandsch Woordenboek. Fortgef. d. F. A. Stoett. 11 Bde. 's-Gravenhage 1885–1952
Mohr	Mohr, A., Die  intellektuelle Einschätzung des Menschen in der Mundart des Amtes  Drolshagen im Sauerland (Ein mundartliches sprachliches Feld). Münster 1939 (Schriften d. Volkskundlichen Kommission im Provinzialinstitut f. westf. Landes- u. Volkskunde, hrsg. v. J. Trier u. K. Schulte Kemminghausen, H. 3)
Möller	Möller, B. P., Söl'ring Uurterbok. Wörterbuch der Sylter Mundart. Hamburg 1916 (5. Beiheft zum Jb. d. Hamburgischen Wiss. Anstalten, 33, 1915)
Moormann	Moormann, J. G. M., De Geheimtalen. Een studie over de Geheimtalen in Nederland, Vlaamsch-België, Breyell en Mettingen. Inleiding v. J. v. Ginneken. Zutphen 1932
MoormannB	Moormann, J. G. M., De Geheimtalen. Bronnenboek. Zutphen 1934
MüllerD	Müller, Westphälisches Idiotikon aus der Grafschaft Diepholz. Annalen der Braunschweigisch-Lüneburgischen Churlande 8 (1794) 590–603
MüllerN	Müller, K. A., Wörtersammlung von Niedersfeld, Kr. Brilon. 1963 [Hs.; im Archiv d. Westfälischen Wörterbuches]
MünG	Münsterische Geschichten, Sagen und Legenden nebst einem Anhange von Volksliedern und Sprüchwörtern. Münster 1825
MünHbl	Münsterische Heimatblätter. Beiträge zur Kulturgeschichte und Heimatkunde der westfälischen Lande und Nachbargebiete. Münster 1914–1919
NatH	Natur und Heimat. Blätter für den Naturschutz und alle Gebiete der Naturkunde, hrsg. v. d. Arbeitsgemeinschaft naturkundlicher u. Naturschutz-Vereine der Gaue Westfalen-Nord u. -Süd. Jg. [1–]8 Münster 1934–1941; Jg. 9 ff.: hrsg. v. Landesmuseum f. Naturkunde zu Münster, Münster 1949 ff.
NdJb	Jahrbuch des Vereins für niederdeutsche Sprachforschung (Niederdeutsches Jahrbuch). Jg. 1875 Bremen 1876 ff.; Bd. 7 ff., Jg. 1881, Norden-Leipzig 1882 ff.; Bd. 54 ff., Jg. 1928, Hamburg 1929 ff.; Bd. 57/58 ff., Jg. 1941/42, Neumünster 1943 ff.
NdKbl	Korrespondenzblatt des Vereins für niederdeutsche Sprachforschung. Jg. 1 (1876/77) Norden-Leipzig 1877; Jg. 2 ff. Hamburg 1878 ff.; H. 56 ff., Jg. 1943/49, Neumünster 1950 ff.
NdMitt	Niederdeutsche Mitteilungen, hrsg. v. d. Niederdeutschen Arbeitsgemeinschaft zu Lund. Jg. 1 ff. Lund-Kopenhagen 1945 ff.
NdsWb	Niedersächsisches Wörterbuch. 1. Bd. hrsg. d. W. Jungandreas, Neumünster 1965; seit dem 2. Bd. hrsg. d. H. Wesche, Neumünster 1958 ff.
NdW	Niederdeutsches Wort. Kleine Beiträge zur niederdeutschen Mundart- und Namenkunde, hrsg. v. W. Foerste. Bd. 1 ff. Münster 1960 ff.
NED	A New English Dictionary on Historical Principles. 10 Bde. Oxford 1888–1928
Niblett	Niblett, A. E., Grammatik der osnabrückischen Mundart. I. Teil. Osnabrück 1913 (Phil. Diss. München 1913) [Mundart der nächsten Umgebung Osnabrücks]
Niedersachsen	Niedersachsen. Halbmonatsschrift für Geschichte, Landes- und Volkskunde, Sprache und Litteratur Niedersachsens. Jg. 1 ff. Bremen 1895 ff.; Jg. 38 ff.: Niedersachsen. Monatsschrift für Kultur- und Heimatpflege in Niedersachsen. Hannover 1933 ff.; Jg. 49 ff.: Niedersachsen. Zeitschrift für Heimat und Kultur. Hildesheim 1949 ff.
Nordh	Nordhoff, J. B., Wörter und Ausdrücke aus dem Lande der Kleinbrukterer. Als Ms. gedruckt 1899 [Wortschatz aus der Gegend von Beckum]
Notholz	Notholz, O., Wegenlieder un Kinnerreime. Bückeburg 1901
NphMitt	Neuphilologische Mitteilungen. Bulletin de la Société Néophilologique de Helsinki. Jg. 1 ff. Helsingfors (Helsinki) 1899 ff.
Ntg	De nieuwe taalgids. Tweemaandelijks tijdschrift. Jg. 1 ff. Groningen 1907 ff.
NTS	Norsk Tidsskrift for Sprogvidenskap. Bd. 1 ff. Oslo 1928 ff.
ODS	Ordbog over det danske Sprog, grundlagt af V. Dahlerup. Bd. 1–28 København 1919–1956
Oel	Oel, J., Plattduitske Botanik. Heimatblätter (Lippstadt) 40 (1959) 133–135, 186–188; 41 (1960) 29–30, 71–72, 79–80, 125–127, 136; 42 (1961) 3, 8, 12, 15–16 [O. * in Rüthen, Kr. Lippstadt]
Oesterh	Oesterhaus, W., Wörterbuch der Lippisch-plattdeutschen Mundart [Hs.; im Archiv des Westfälischen Wörterbuches; Oe. * 1840 in Detmold]
Ostend	Ostendorf, J., Den Wäwedamp. Ein Volksspiel in fünf Aufzügen. Bocholt 1922
Ott	Onze taaltuin. Maandblad voor de wetenschap der taal als volksuiting, nationale culturschat en instrument voor schoone kunst. Jg. 1 ff. Rotterdam-Maastricht 1932 ff.
Overk	Overkott, F., Die Kleineisen-Industriestadt an der Ennepe. Ein Heimatbuch, hrg. v. d. Stadt Gevelsberg 1956
Paetzer	Paetzer, G., Wortgeographie der Hagebutte. Phil. Diss. Marburg 1949 [Hs.]
PBB	Beiträge zur Geschichte der deutschen Sprache und Literatur, begr. v. H. Paul u. W. Braune. Bd. 1 ff. Halle 1874 ff.; seit Bd. 77 bes. Ausgabe, hrsg. v. H. de Boor u. I. Schröbler, Tübingen 1955 ff.
Peßler	Peßler, W., Plattdeutscher Wort-Atlas von Nordwestdeutschland. Hannover 1928
PfälzWb	Pfälzisches Wörterbuch, begr. v. E. Christmann, bearb. v. J. Krämer. Wiesbaden 1965 ff.
Pfister	Pfister, H. v., Mundartliche und stammheitliche Nachträge zu A. F. C. Vilmar's Idiotikon von Hessen. Marburg 1886. 1. u. 2. Erg.-Heft Marburg 1889, 1894
Pickert	Pickert, J., Vokalismus der Stammsilben in der Mundart von Dorsten i. Westf. Zs. f. Deutsche Mundarten, Jg. 1917, 132–149
Plaehn	Plaehn, Christiane, Die deutsche Synonymik der männlichen Katze. Phil. Diss. Marburg 1949 [Masch.-Schrift]
PlatenauSp	Platenau, F., Alte Sprichwörter, Redensarten und Wetterregeln aus dem Lipperland. Istrup 1967 [vervielf. Ms.]
PlatenauV	Platenau, F., Volkskundliches aus dem Blomberger Becken. Istrup 1967 [vervielf. Ms.]
Pokorny	Pokorny, J., Indogermanisches etymologisches Wörterbuch. Bd. 1 Bern-München 1959
RakersGV	Rakers, A., Grafschafter Volksreime und Sprichwörter. 1. Teil, Die Sammlung. Bentheim 1930 (Das Bentheimer Land, hrsg. v. H. Specht, V)
RakersMB	Rakers, A., Die Mundarten der alten Grafschaft Bentheim und ihrer reichsdeutschen und niederländischen Umgebung. Auf dialektgeographisch-geschichtlicher Grundlage. Oldenburg 1944 (Veröff. d. Provinzial-Instituts f. Landesplanung u. niedersächsische Landesforschung Hannover-Göttingen, Reihe A II, Bd. 16)
Rathert	Rathert, H., Westfälische Brot- und Kuchennamen. Phil. Diss. Münster 1916. Auch im 30. Jahresbericht d. Hist. Ver. f. d. Grafschaft Ravensberg, Bielefeld 1916, S. 1–56
RavBl	Ravensberger Blätter für Geschichts-, Volks- und Heimatkunde, hrsg. i. Auftr. d. Hist. Ver. f. d. Grafschaft Ravensberg. Jg. 1 ff. Bielefeld 1901 ff.; Jg. 50 ff.: Ravensberger Blätter. Organ d. Hist. Ver. f. d. Grafschaft Ravensberg. Bielefeld 1950 ff.
Reck	Reckels, H., Volkskunde des Kreises Steinfurt. 2. Teil. Burgsteinfurt 1933 (Heimatjahrbuch d. Kr. Steinfurt 1932)
RhWb	Müller, Josef, Rheinisches Wörterbuch. Bd. 1 Bonn 1928, Bd. 2 ff. Berlin 1931 ff.
RhwZV	Rheinisch-westfälische Zeitschrift für Volkskunde, hrsg. v. K. Meisen u. B. Schier. Bd. 1 ff. Bonn-Münster 1954 ff.
Rickelm	Rickelmann, H., Mettingen im Wandel der Zeiten. Lengerich 1953
Riepe	Riepe, H., Pottkooken un Swattbraut. Osnabrück 1953
Rietz	Rietz, J. E., Svenskt dialekt-lexikon. Ordbok öfver svenska allmogespråket. Lund 1862 bis 1867. Neudruck Lund 1962
SAOB	Ordbok öfver Svenska Språket, utgiven af Svenska Akademien. Bd. 1 ff. Lund 1898 ff.
Sartori	Sartori, P., Westfälische Volkskunde. Leipzig ²1929
Sass	Sass, J., Die Sprache des niederdeutschen Zimmermanns, dargestellt auf Grund der Mundart von Blankenese (Holstein). Hamburg 1927 (Sprache u. Volkstum. Arbeiten z. niederdeutschen Sprachgeschichte u. Volkskunde, 1)
Sauerlandruf	s. Trutznachtigall
SauvR	Sauvagerd, K., Häideblomen. Gedichte en Geschichten ut de Gråfschup Benthem. Met 'ne Woordliste v. A. Rakers. Osnabrück 1948 (Das Bentheimer Land, 31)
SbWb	Siebenbürgisch-Sächsisches Wörterbuch. Bd. 1 ff. Berlin-Leipzig 1924 ff.
Schambach	Schambach, G., Wörterbuch der niederdeutschen Mundart der Fürstenthümer Göttingen und Grubenhagen oder Göttingisch-Grubenhagen'sches Idiotikon. Hannover 1858
Scheele	Scheele, N., Geschichte der Gemeinde Olpe-Land. Olpe 1952
Schepers	Schepers, J., Westfalen-Lippe. Mit Vorwort u. Beitrag v. G. Wolf. Münster 1960 (Haus und Hof deutscher Bauern. Eine Darstellung in Einzel-Bänden, hrsg. v. G. Wolf, Bd. 2)
Schleef	Schleef, W., Dortmunder Wörterbuch. Köln-Graz 1967 (Niederdeutsche Studien, hrsg. v. W. Foerste, 15)
SchlesWb	Mitzka, W., Schlesisches Wörterbuch. 3 Bde. Berlin 1963–1965
SchlHWb	Mensing, O., Schleswig-Holsteinisches Wörterbuch (Volksausgabe). 5 Bde. Neumünster 1927–1935
Schlüter	Schlüter, J., Die niederländischen Wörter in der westmünsterländischen Mundart. Phil. Diss. Münster 1952 [Masch.-Schrift]
SchmB	Schmoeckel, H., u. A. Blesken, Wörterbuch der Soester Börde, ein Beitrag zur westfälischen Mundartenforschung. Soest 1952 (Soester wissenschaftliche Beiträge, 5)
Schmed	Schmeding, H., Die Mundart des Kirchspiels Lavelsloh und der angrenzenden Ortschaften. Münster 1938 (Schriften d. Volkskundlichen Kommission im Provinzialinstitut f. westf. Landes- u. Volkskunde, hrsg. v. J. Trier u. K. Schulte Kemminghausen, H. 1)
Schmeller	Schmeller, J. A., Bayerisches Wörterbuch. Nachdruck d. 2. Ausgabe v. G. K. Frommann, München 1872–1877, mit Vorwort u. wiss. Einleitung v. O. Maußer. 2 Bde. Leipzig 1939
Schmelzer	Schmelzer, J., Unterschiede zwischen dem süderländischen und siegerländischen Wortschatz. Phil. Diss. Münster 1906
Schmidt-|Petersen	Schmidt-Petersen, J., Wörterbuch und Sprachlehre der Nordfriesischen Sprache nach der Mundart von Föhr und Amrum. Husum 1912
SchönfeldvL	Schönfelds Historische Grammatica van het Nederlands. Klankleer, vormleer, woordvorming. Hrsg. v. A. van Loey. Zutphen ⁷1964
SchonFG	Schoneweg, E., Flachsbau und Garnspinnerei in der Sitte, Sprache und Anschauung des Ravensbergers. Phil. Diss. Münster 1911
Schönhoff	Schönhoff, H., Emsländische Grammatik. Laut- und Formenlehre der emsländischen Mundarten. Heidelberg 1908 (Germanische Bibliothek, hrsg. v. W. Streitberg, Reihe I, Bd. 8)
SchonL	Schoneweg, E., Das Leinengewerbe in der Grafschaft Ravensberg. Ein Beitrag zur niederdeutschen Volks- und Altertumskunde. Bielefeld 1923
Schoppe	Schoppe, J., Die Mundart von Röckinghausen bei Wiedenbrück. 1930 [Unter Zugrundelegung der Arbeit von Wix. Hs. im Archiv des Westfälischen Wörterbuches]
Schuermans	Schuermans, L. W., Algemeen Vlaamsch Idioticon. Leuven 1865–1870. Bijvoegsel aan het Algemeen Vlaamsch Idioticon. Leuven 1883
Schulhof	Schulhof, F., Der Kreis Melle (Grönegau). Lingen a. d. Ems 1908 (Beiträge z. Heimatkunde d. Regierungsbezirks Osnabrück, 2)
Schulte	Schulte, W., Gliederung der Mundarten im südöstlichen Sauerland. Marburg 1941 (Deutsche Dialektgeographie, 38) [Behandelt den Kr. Olpe u. südlich u. westlich angrenzende Gebiete]
SchwäbWb	Fischer, H., Schwäbisches Wörterbuch. 6 Bde. Bd. 2: unter Mitwirkung v. W. Pfleiderer. Bd. 6, 1. u. 2. Halbband: weitergeführt v. W. Pfleiderer. Tübingen 1901–1936
Schwagm	Schwagmeyer, F., Der Lautstand der Ravensbergischen Mundart von Hiddenhausen. Berlin 1908 (Phil. Diss. Münster 1907)
SchwId	Schweizerisches Idiotikon. Wörterbuch der schweizerdeutschen Sprache, beg. v. F. Staub u. L. Tobler. Bd. 1 ff. Frauenfeld 1881 ff.
SGb	Der Sauerländische Gebirgsbote, hrsg. v. Sauerländischen Gebirgsverein. Jg. 1 ff. Arnsberg 1893 ff.; Jg. 8 ff.: Sauerländischer Gebirgsbote. Frankfurt 1900 ff.; Jg. 20 ff. mit wechselnden Verlagsorten, zuletzt, seit Jg. 66 ff., Arnsberg 1964 ff.
ShessWb	Südhessisches Wörterbuch, begr. v. F. Maurer, bearb. v. R. Mulch. Marburg 1965 ff.
Sibeth	Sibeth, F. G., Wörterbuch der Mecklenburgisch-Vorpommerschen Mundart von Mi. Leipzig 1876
Skeat	Skeat, W. W., An Etymological Dictionary of the English Language. New edition revised and enlarged. Oxford 1956
SlWb	Heinzerling, J., u. H. Reuter, Siegerländer Wörterbuch. Siegen 1932–1938
SNoF	Studier i nordisk filologi. Bd. 1 ff. Helsingfors 1910 ff.; Bd. 44–50 Helsingfors-København 1956–1960; Bd. 51 ff. Helsingfors 1961 ff.
Soost	Soost, H. H., Studien zur Dialektgeographie Nordhessens. Phil. Diss. Marburg 1920 [Hs.]
Stammler	Stammler, W. [Hrsg.], Deutsche Philologie im Aufriß. 3 Bde. Unveränd. Nachdruck d. 2. Aufl. Berlin 1966
Stoett	Stoett, F. A., Nederlandsche Spreekwoorden, Spreekwijzen, Uitdrukkingen en Gezegden. 2 Bde. Zutphen ⁴1923–1925
Stolte	Stolte, H., Bauernhof und Mundart in Ravensberg. Beiträge zur niederdeutschen Volkskunde. Bielefeld 1931
Strodtm	Strodtmann, J. Ch., Idioticon Osnabrugense. Leipzig-Altona 1756
Suolahti	Suolahti, H., Die deutschen Vogelnamen. Eine wortgeschichtliche Untersuchung. Straßburg 1909
SvLm	Svenska Landsmål och Svenskt Folkliv. Bd. 1 ff. Stockholm 1879 ff.
Teirlinck	Teirlinck, I., Zuid-Oostvlaandersch Idioticon. 2 Bde. Gent 1908–1922
TeT	Taal en Tongval. Tijdschrift voor de studie van de Nederlandse volks- en streektalen. Jg. 1 ff. Antwerpen 1949 ff.
Teut	Teut, H., Hadeler Wörterbuch. Der plattdeutsche Wortschatz des Landes Hadeln (Niederelbe). 4 Bde. Neumünster 1959
Teuth	Teuthonista. Zeitschrift für deutsche Dialektforschung und Sprachgeschichte. Jg. 1–10 Bonn-Leipzig 1924/25–1934. Forts.: ZMaF
Teuthonista	Verdam, J. [Hrsg.], G. van der Schueren's Teuthonista of Duytschlender. Leiden 1896
ThürWb	Spangenberg, K., Thüringisches Wörterbuch. Berlin 1966 ff.
TNTL	Tijdschrift voor Nederlandse Taal- en Letterkunde. Jg. 1 ff. Leiden 1881 ff.
TON	Heeroma, K., Taalatlas van Oost-Nederland en aangrenzende gebieden. Assen o. J.
Torp	Torp, A., Nynorsk etymologisk ordbok. Unveränd. Abdruck. Oslo 1963
TorpFalk	Torp, A., u. H. Falk, Wortschatz der Germanischen Spracheinheit. Göttingen 1909 (= Vergleichendes Wörterbuch der Indogermanischen Sprachen v. A. Fick, 4. Aufl., 3. Teil)
Trautm	Trautmann, A., Hümmlinger Skizzen. 2. Aufl. Papenburg o. J. [1. Aufl. Lingen 1910]
Trutz-|nachtigall	Trutznachtigall. Heimatblätter für das kölnische Sauerland. Jg. 1 ff. Bigge 1919 ff.; Jg. 10 ff.: Heimwacht. Zeitschrift des Sauerländer-Heimatbundes. Bigge 1928 ff.; Jg. 15 ff.: Sauerlandruf. Zeitschrift ... Arnsberg 1953 ff.
Turk	Turk, H., Gedichte in plattdeutscher Mundart. 2. Aufl. Leipzig [1897] (Bibliothek niederdeutscher Werke, 28) [T. * 1822, ^+ 1884 in Iserlohn]
UBoch	Unser Bocholt. Monatsschrift für Kultur- und Heimatpflege. Jg. 1 ff. Bocholt 1950 ff.
Vehslage	Vehslage, H., Die Mundart des Artlandes auf der Grundlage der Mundart des Kirchspiels Badbergen. Borna-Leipzig 1908 (Phil. Diss. Münster 1908) [V. * in Grothe b. Badbergen]
VestH	Vestische Heimat. Hrsg. v. Heimatgebiet Vest. Recklinghausen [1965]
VestJb	Vestisches Jahrbuch, s. VestZ u. ZVestR
VestZ	Vestische Zeitschrift. Zeitschrift der Vereine für Orts- und Heimatkunde im Veste und Kreise Recklinghausen, begr. als Zeitschrift der Vereine ... Münster (u. a. Verlagsorte) 1904–1941
Vilmar	Vilmar, A. F. C., Idiotikon von Kurhessen. Marburg-Leipzig 1883
VollmD	Vollmer, A., Wat sick 't Duorp vertellt. Nië Vertellsels. Bocholt 1916 [Mundart v. Rheine, Kr. Steinfurt]
VollmI	Vollmer, A., Von de olle Iärße. Vertellsels in Mönsterlännsk Platt. Münster 1914 [Mundart v. Rheine, Kr. Steinfurt]
Vreden	Vredener Festbuch zur Feier des dreifachen Jubiläums von Kirche, Stadt und Feste im Jahre 1952. Vreden [1952]
DeVries	De Vries, J., Altnordisches etymologisches Wörterbuch. Leiden 1961
Wagenf	Wagenfeld, K., Volksmund. Plattdeutsche Sprichwörter und Redensarten des Münsterlandes in ihrer Anwendung. Essen-Ruhr 1911
Wallm	Wallmeyer, F., Das Bauernhaus am mittleren Hellweg. Münster 1939 (Schriften d. Volkskundlichen Kommission im Provinzialinstitut f. westf. Landes- u. Volkskunde, hrsg. v. J. Trier u. K. Schulte Kemminghausen, H. 2)
Walter	Walter, F., Plattdeutsche Sprichwörter und sprichwörtliche Redensarten aus der Stadt Recklinghausen. Recklinghausen 1896
Wander	Wander, K. F. W., Deutsches Sprichwörter-Lexikon. 5 Bde. Leipzig 1867–1880. Nachdruck Darmstadt 1964
Wanink	Wanink, G. H., Twents-Achterhoeks woordenboek benevens grammatica. Zutphen 1948
Wanner	Wanner d. Ä., H., Die Uchter Mundart. Hannoversche Geschichtsblätter 24 (1921) 325–344
Warn	Warnecke, R., Haus und Hof in der niederdeutschen Sprache zwischen Weser und Hunte. Marburg 1939 (Deutsche Dialektgeographie, 35)
WBMÖ	Wörterbuch der Bairischen Mundarten in Österreich (Bayerisch-Österreichisches Wörterbuch, I. Österreich). Wien 1963 ff.
Wellm	Wellmann, H., Die Bauerschaft Mehringen a. d. Ems und Umgegend des Kirchspiels Emsbüren im Kreise Lingen (Ems). Ein Beitrag zur Heimatkunde. Lingen (Ems) 1934
WHK	Westfälischer Heimatkalender, hrsg. v. Westfälischen Heimatbund. Jg. 1 ff. Münster 1947 ff.
Wiemers	Wiemers, F., Heimatbuch des Amtes Wenden. Wenden o. J.
Wilmanns	Wilmanns, W., Deutsche Grammatik. Gotisch, Alt-, Mittel- und Neuhochdeutsch. Straßburg 1899–1911. 1. Abt. ³1911; 2. Abt. ²1899; 3. Abt. 1. Hälfte ¹⁺²1906; 3. Abt. 2. Hälfte ¹⁺²1909
Wilms	Wilms, J., Bokeltse Dönkes. Sprichwörter, sprichwörtliche Redensarten und Dönkes in Bocholter Platt. Bocholt ²1940
Wittk	Wittkamp, F., Heimatliche Sagen, Gebräuche und Geschichten aus dem Kreise Lüdinghausen. Lüdinghausen ²1922
Wix	Wix, H., Studien zur westfälischen Dialektgeographie im Süden des Teutoburgerwaldes. Marburg 1921 (Deutsche Dialektgeographie, 9)
WNT	Woordenboek der Nederlandsche Taal. Bd. 1 ff. 's-Gravenhage-Leiden 1882 ff.
WoeGM	Woeste, J. F. L., Volksüberlieferungen in der Grafschaft Mark nebst einem Glossar. Iserlohn 1848
WoeN	Woeste, F. (J. F. L.), Wörterbuch der westfälischen Mundart. Neu bearb. u. hrsg. v. E. Nörrenberg. Norden-Leipzig 1930. Nachdruck Wiesbaden 1966
WoeNl	Nachlaß von F. Woeste in der Universitätsbibliothek Greifswald
Wolf	Wolf, S. A., Wörterbuch des Rotwelschen. Deutsche Gaunersprache. Mannheim 1956
WuS	Wörter und Sachen. Kulturhistorische Zeitschrift für Sprach- und Sachforschung. Bd. 1–18 Heidelberg 1909–1937; N. F. 1–5 (19–23): Wörter und Sachen. Zeitschrift für indogermanische Sprachwissenschaft, Volksforschung und Kulturgeschichte. Heidelberg 1938–1943/44
ZDMa	Zeitschrift für Deutsche Mundarten. Berlin 1906–1924
ZDPh	Zeitschrift für Deutsche Philologie. Bd. 1 ff. Halle 1869 ff.; Bd. 41 ff. Stuttgart 1909 ff.; Bd. 73 ff. Berlin 1954 ff.
ZDW	Zeitschrift für Deutsche Wortforschung. Bd. 1–15 Straßburg 1901–1914; N. F.: Bd. 1 (16) ff. Berlin 1960 ff.
ZfdA	Zeitschrift für deutsches Altertum und deutsche Literatur. Bd. 1 ff. Leipzig 1841 ff.; Bd. 10 ff. Berlin 1856 ff.; Bd. 82 ff. Wiesbaden 1948/50 ff.
ZMaF	Zeitschrift für Mundartforschung, begr. als Teuthonista (Teuth). Jg. 11–19 Halle-Saale 1935–1943/44; Jg. 20 ff. Wiesbaden 1952 ff.
ZrhwV	Zeitschrift des Vereins für rheinische und westfälische Volkskunde. Jg. 1–30 Elberfeld 1904 bis 1933; Jg. 31–33: Westdeutsche Zeitschrift für Volkskunde. Zeitschrift des Vereins ... Wuppertal-Elberfeld 1934–1936
Zumbroock	Zumbroock, F., Poetische Versuche in westfälischer Mundart. 5 Bändchen. 1, Münster ¹²1910; 2, Münster ⁵1903; 3, Münster ³1909; 4, Münster ²1898; 5, Münster 1888
ZVestR	Zeitschrift der Vereine für Orts- und Heimatkunde im Veste und Kreise Recklinghausen. Bd. 1 u. 2 Buer 1891 u. 1892; Bd. 3 ff. Münster 1894 ff.; Bd. 14–48 Vestische Zeitschrift. Zeitschrift der Vereine ... Münster (u. a. Verlagsorte) 1904–1941; Bd. 49–64 Vestisches Jahrbuch. Zeitschrift der Vereine ... Buer 1947/48, Recklinghausen 1949–1962; Bd. 65 ff. Vestische Zeitschrift ... Recklinghausen 1963 ff.
